"","TAGID","AGE","BAGE","BSEA","cumout","annout"
"1",1,11,1,1,472,472
"2",1,16,6,2,866,394
"3",1,17,7,3,941,75
"4",1,19,9,4,1106,165
"5",1,20,10,5,1296,190
"6",1,21,11,6,1520,224
"7",1,25,15,7,1985,465
"8",1,28,18,8,2267,282
"47",7,12,1,1,505,505
"48",7,14,3,2,660,155
"49",7,17,6,3,971,311
"50",7,18,7,4,1166,195
"51",7,19,8,5,1793,627
"52",7,21,10,6,1866,73
"53",7,22,11,7,2025,159
"54",7,25,14,8,3192,1167
"55",7,28,17,9,4229,1037
"56",7,30,19,10,5217,988
"57",7,32,21,11,5652,435
"58",7,33,22,12,6013,361
"59",7,37,26,13,6479,466
"73",9,11,1,1,526,526
"74",9,12,2,2,607,81
"75",9,14,4,3,736,129
"76",9,16,6,4,828,92
"77",9,17,7,5,1188,360
"85",11,12,1,1,641,641
"86",11,14,3,2,726,85
"87",11,17,6,3,1143,417
"88",11,19,8,4,1515,372
"89",11,20,9,5,1755,240
"90",11,22,11,6,2130,375
"91",12,10,1,1,371,371
"92",12,13,4,2,479,108
"93",12,15,6,3,534,55
"94",13,12,1,1,519,519
"95",13,13,2,2,1005,486
"96",13,14,3,3,1169,164
"97",13,15,4,4,1250,81
"98",13,16,5,5,1402,152
"99",13,17,6,6,1576,174
"100",13,18,7,7,1655,79
"101",13,19,8,8,1918,263
"102",13,20,9,9,2207,289
"103",13,21,10,10,2448,241
"104",13,22,11,11,2808,360
"105",13,24,13,12,3175,367
"106",13,25,14,13,3365,190
"107",13,27,16,14,4043,678
"108",13,29,18,15,4349,306
"109",13,30,19,16,4498,149
"110",13,32,21,17,5000,502
"111",13,33,22,18,5356,356
"112",13,34,23,19,5594,238
"113",13,35,24,20,5962,368
"114",14,14,1,1,677,677
"115",14,16,3,2,1034,357
"116",14,18,5,3,1961,927
"117",14,20,7,4,2331,370
"118",14,21,8,5,2487,156
"119",14,22,9,6,2748,261
"120",14,28,15,7,3763,1015
"121",14,32,19,8,4479,716
"129",16,10,1,1,474,474
"130",16,13,4,2,685,211
"131",16,15,6,3,835,150
"132",16,16,7,4,1152,317
"133",16,17,8,5,1186,34
"134",16,18,9,6,1229,43
"135",16,19,10,7,1335,106
"136",17,11,1,1,310,310
"137",17,15,5,2,1092,782
"138",17,18,8,3,1327,235
"139",18,12,1,1,495,495
"140",18,13,2,2,596,101
"141",18,14,3,3,698,102
"142",18,15,4,4,820,122
"143",18,19,8,5,1199,379
"144",19,11,1,1,532,532
"145",19,16,6,2,771,239
"146",19,17,7,3,896,125
"147",19,21,11,4,2167,1271
"158",22,11,1,1,490,490
"159",22,12,2,2,596,106
"160",22,13,3,3,1128,532
"161",22,15,5,4,1643,515
"162",22,16,6,5,1883,240
"163",22,18,8,6,2102,219
"164",22,20,10,7,2657,555
"165",22,21,11,8,3366,709
"166",22,23,13,9,3783,417
"167",22,26,16,10,4266,483
"168",22,27,17,11,4385,119
"169",22,29,19,12,4685,300
"170",22,30,20,13,4859,174
"171",22,31,21,14,4949,90
"172",22,32,22,15,5340,391
"185",24,11,1,1,533,533
"186",24,12,2,2,735,202
"187",24,14,4,3,1012,277
"188",24,15,5,4,1109,97
"189",24,18,8,5,2328,1219
"190",24,22,12,6,3198,870
"191",24,23,13,7,3374,176
"192",24,26,16,8,4029,655
"219",27,11,1,1,611,611
"220",27,13,3,2,1030,419
"221",27,15,5,3,1148,118
"222",27,18,8,4,2563,1415
"223",27,22,12,5,2819,256
"224",27,25,15,6,3160,341
"225",27,26,16,7,3456,296
"226",27,27,17,8,4194,738
"236",29,12,1,1,461,461
"237",29,13,2,2,518,57
"238",29,19,8,3,1708,1190
"261",31,12,1,1,477,477
"262",31,15,4,2,1049,572
"263",31,16,5,3,1200,151
"264",31,17,6,4,1459,259
"265",31,19,8,5,2058,599
"266",31,20,9,6,2758,700
"267",31,21,10,7,3022,264
"268",31,22,11,8,3094,72
"269",31,23,12,9,3386,292
"270",31,26,15,10,3624,238
"271",32,10,1,1,376,376
"272",32,12,3,2,489,113
"273",32,13,4,3,527,38
"274",32,14,5,4,559,32
"275",32,16,7,5,826,267
"276",32,17,8,6,929,103
"277",33,9,1,1,447,447
"278",33,10,2,2,530,83
"279",33,12,4,3,1012,482
"280",33,13,5,4,1214,202
"281",33,14,6,5,1426,212
"282",33,15,7,6,1488,62
"283",33,16,8,7,1517,29
"284",33,18,10,8,1791,274
"285",34,13,1,1,356,356
"286",34,14,2,2,382,26
"287",34,15,3,3,533,151
"288",34,16,4,4,656,123
"289",34,17,5,5,669,13
"290",34,18,6,6,1576,907
"291",34,19,7,7,1771,195
"292",34,20,8,8,1963,192
"293",34,22,10,9,2230,267
"294",34,23,11,10,2501,271
"295",34,24,12,11,2752,251
"296",34,25,13,12,2873,121
"297",34,26,14,13,3147,274
"298",34,27,15,14,3339,192
"299",34,28,16,15,3586,247
"300",34,29,17,16,3613,27
"301",34,30,18,17,4044,431
"302",34,31,19,18,4218,174
"303",34,34,22,19,4979,761
"304",34,36,24,20,5292,313
"305",34,37,25,21,5355,63
"306",34,39,27,22,5526,171
"307",34,40,28,23,5959,433
"308",35,11,1,1,587,587
"309",35,16,6,2,1520,933
"310",35,19,9,3,2317,797
"311",35,22,12,4,2873,556
"312",35,23,13,5,2956,83
"313",35,26,16,6,3259,303
"314",36,10,1,1,593,593
"315",36,11,2,2,801,208
"316",36,14,5,3,1004,203
"317",36,15,6,4,1334,330
"318",36,16,7,5,1646,312
"319",36,18,9,6,2147,501
"328",38,9,1,1,394,394
"329",38,10,2,2,472,78
"330",39,12,1,1,557,557
"331",39,14,3,2,726,169
"332",39,17,6,3,1224,498
"333",39,18,7,4,1377,153
"334",39,21,10,5,1748,371
"335",39,22,11,6,2035,287
"348",41,11,1,1,351,351
"349",41,13,3,2,483,132
"350",41,18,8,3,1081,598
"351",41,20,10,4,1740,659
"352",41,21,11,5,1806,66
"353",42,13,1,1,372,372
"354",42,14,2,2,469,97
"355",42,15,3,3,511,42
"356",42,16,4,4,871,360
"357",42,17,5,5,915,44
"358",42,19,7,6,1091,176
"359",42,20,8,7,1285,194
"360",42,21,9,8,1884,599
"361",42,22,10,9,2216,332
"362",42,23,11,10,2515,299
"363",42,24,12,11,2584,69
"364",42,26,14,12,3369,785
"365",42,28,16,13,4556,1187
"366",42,29,17,14,4633,77
"367",42,31,19,15,5200,567
"368",43,13,1,1,525,525
"369",43,14,2,2,732,207
"370",43,15,3,3,832,100
"371",43,16,4,4,978,146
"372",43,18,6,5,1320,342
"373",43,20,8,6,1822,502
"374",43,21,9,7,1954,132
"381",45,10,1,1,502,502
"382",45,11,2,2,543,41
"383",45,13,4,3,952,409
"384",45,16,7,4,1541,589
"385",45,18,9,5,1958,417
"386",45,19,10,6,2038,80
"387",45,24,15,7,2468,430
"388",45,25,16,8,2959,491
"389",45,28,19,9,4210,1251
"390",45,29,20,10,4908,698
"391",45,30,21,11,5740,832
"392",45,31,22,12,6034,294
"393",46,10,1,1,541,541
"394",46,11,2,2,620,79
"395",46,12,3,3,743,123
"396",46,13,4,4,870,127
"397",46,14,5,5,909,39
"398",46,15,6,6,1191,282
"399",46,16,7,7,1300,109
"400",46,17,8,8,1337,37
"401",46,21,12,9,1909,572
"402",46,22,13,10,1972,63
"403",46,23,14,11,2437,465
"404",46,24,15,12,2738,301
"405",46,25,16,13,2774,36
"406",46,26,17,14,3209,435
"407",46,27,18,15,3518,309
"408",46,28,19,16,4007,489
"409",46,29,20,17,4146,139
"410",46,30,21,18,4843,697
"411",46,31,22,19,4961,118
"412",46,33,24,20,5131,170
"413",46,34,25,21,5382,251
"414",46,35,26,22,5584,202
"415",46,36,27,23,5722,138
"416",46,37,28,24,5850,128
"417",46,38,29,25,5932,82
"418",46,41,32,26,6232,300
"523",54,9,1,1,648,648
"524",54,12,4,2,1075,427
"525",54,14,6,3,1608,533
"526",54,16,8,4,3065,1457
"527",54,19,11,5,3693,628
"528",54,20,12,6,3927,234
"529",54,22,14,7,5108,1181
"530",54,26,18,8,5925,817
"531",54,28,20,9,6462,537
"532",54,29,21,10,7123,661
"533",54,32,24,11,7958,835
"534",54,34,26,12,8373,415
"535",54,35,27,13,8550,177
"536",54,37,29,14,9096,546
"537",54,38,30,15,9193,97
"538",54,39,31,16,9262,69
"539",55,13,1,1,535,535
"540",55,14,2,2,711,176
"541",56,11,1,1,514,514
"542",56,12,2,2,570,56
"543",56,13,3,3,620,50
"544",56,14,4,4,757,137
"545",56,15,5,5,808,51
"546",56,16,6,6,1093,285
"547",56,17,7,7,1163,70
"548",56,18,8,8,1299,136
"549",56,19,9,9,1500,201
"550",56,20,10,10,1826,326
"551",56,21,11,11,2027,201
"552",56,23,13,12,2375,348
"553",56,24,14,13,2524,149
"554",56,25,15,14,2755,231
"555",56,28,18,15,3202,447
"556",56,29,19,16,3271,69
"557",56,36,26,17,4527,1256
"558",56,37,27,18,4668,141
"559",57,10,1,1,520,520
"560",57,13,4,2,720,200
"561",57,14,5,3,1022,302
"562",57,16,7,4,1686,664
"563",57,21,12,5,2368,682
"564",57,26,17,6,3241,873
"584",59,10,1,1,460,460
"585",59,11,2,2,593,133
"586",59,13,4,3,889,296
"587",59,16,7,4,1047,158
"588",59,17,8,5,1261,214
"589",59,19,10,6,1481,220
"590",60,8,1,1,298,298
"591",60,11,4,2,457,159
"592",60,12,5,3,478,21
"593",60,13,6,4,553,75
"594",60,15,8,5,969,416
"595",60,18,11,6,1547,578
"596",60,19,12,7,1701,154
"597",61,12,1,1,506,506
"598",61,16,5,2,1384,878
"599",61,20,9,3,2177,793
"600",61,21,10,4,2218,41
"621",64,10,1,1,463,463
"622",64,11,2,2,683,220
"623",64,13,4,3,1284,601
"624",64,14,5,4,2015,731
"625",64,15,6,5,2207,192
"626",64,17,8,6,2421,214
"627",64,18,9,7,2923,502
"628",64,19,10,8,3053,130
"629",64,20,11,9,3175,122
"630",64,21,12,10,4583,1408
"631",64,22,13,11,6057,1474
"632",64,23,14,12,6089,32
"633",64,24,15,13,6814,725
"634",64,25,16,14,7083,269
"635",64,26,17,15,7160,77
"636",64,27,18,16,7272,112
"637",64,29,20,17,7538,266
"638",64,30,21,18,7613,75
"639",64,31,22,19,7982,369
"640",64,32,23,20,8219,237
"641",64,33,24,21,8253,34
"642",64,37,28,22,8578,325
"643",64,38,29,23,8887,309
"644",65,9,1,1,576,576
"645",65,10,2,2,683,107
"646",65,11,3,3,776,93
"647",65,14,6,4,2110,1334
"648",65,15,7,5,2290,180
"649",65,16,8,6,2763,473
"650",65,19,11,7,3765,1002
"651",65,20,12,8,3875,110
"652",65,22,14,9,5353,1478
"653",65,25,17,10,6295,942
"654",65,26,18,11,6593,298
"667",67,10,1,1,626,626
"668",67,11,2,2,644,18
"669",67,16,7,3,1890,1246
"670",67,18,9,4,2032,142
"671",67,20,11,5,2231,199
"672",67,22,13,6,2462,231
"679",69,11,1,1,564,564
"680",69,12,2,2,755,191
"681",69,13,3,3,771,16
"682",69,15,5,4,1520,749
"683",69,16,6,5,1905,385
"684",69,17,7,6,2041,136
"685",69,18,8,7,3508,1467
"686",69,20,10,8,4018,510
"687",69,21,11,9,4103,85
"688",69,22,12,10,4836,733
"689",69,23,13,11,4966,130
"690",69,24,14,12,5619,653
"691",69,26,16,13,6101,482
"692",69,28,18,14,6945,844
"693",69,29,19,15,7432,487
"694",69,30,20,16,7719,287
"695",69,31,21,17,7880,161
"696",69,32,22,18,8017,137
"697",69,34,24,19,8396,379
"698",69,36,26,20,8762,366
"699",69,37,27,21,9011,249
"719",72,11,1,1,371,371
"720",72,15,5,2,652,281
"721",72,18,8,3,1097,445
"722",72,19,9,4,1599,502
"723",72,21,11,5,1887,288
"724",72,22,12,6,2022,135
"725",72,23,13,7,2122,100
"726",72,24,14,8,2358,236
"727",72,26,16,9,2602,244
"728",72,29,19,10,3778,1176
"759",75,12,1,1,656,656
"760",75,14,3,2,767,111
"761",75,15,4,3,812,45
"762",75,17,6,4,1240,428
"763",75,18,7,5,1292,52
"764",75,19,8,6,1398,106
"765",75,20,9,7,1574,176
"766",75,23,12,8,2666,1092
"767",75,25,14,9,2757,91
"768",75,27,16,10,2965,208
"769",75,28,17,11,3169,204
"770",75,29,18,12,3457,288
"771",75,30,19,13,3545,88
"772",75,31,20,14,3672,127
"773",75,32,21,15,3880,208
"774",75,35,24,16,5190,1310
"807",79,11,1,1,557,557
"808",79,13,3,2,754,197
"809",79,15,5,3,1879,1125
"810",79,16,6,4,2025,146
"811",79,17,7,5,2227,202
"913",87,11,1,1,447,447
"914",87,12,2,2,487,40
"915",87,13,3,3,636,149
"916",87,14,4,4,802,166
"917",87,15,5,5,867,65
"918",87,17,7,6,1126,259
"933",89,11,1,1,615,615
"934",89,13,3,2,1101,486
"935",89,15,5,3,1453,352
"936",90,13,1,1,400,400
"937",90,18,6,2,724,324
"945",92,13,1,1,555,555
"946",92,17,5,2,1217,662
"947",92,18,6,3,1537,320
"948",92,21,9,4,1934,397
"949",92,22,10,5,2226,292
"950",92,23,11,6,2294,68
"951",92,28,16,7,2834,540
"952",92,30,18,8,3525,691
"953",92,31,19,9,3620,95
"954",92,32,20,10,4268,648
"955",92,33,21,11,4468,200
"956",92,34,22,12,4539,71
"1002",97,11,1,1,640,640
"1003",97,12,2,2,691,51
"1004",97,14,4,3,885,194
"1005",97,16,6,4,1190,305
"1006",97,19,9,5,1811,621
"1007",97,20,10,6,2734,923
"1008",97,21,11,7,2944,210
"1009",97,22,12,8,3045,101
"1010",97,24,14,9,3743,698
"1011",97,25,15,10,3984,241
"1012",97,27,17,11,4150,166
"1013",98,10,1,1,504,504
"1014",98,11,2,2,542,38
"1015",98,12,3,3,742,200
"1016",98,13,4,4,767,25
"1017",98,16,7,5,1258,491
"1018",98,17,8,6,1283,25
"1019",98,18,9,7,1542,259
"1020",98,19,10,8,1753,211
"1041",101,10,1,1,305,305
"1042",101,11,2,2,348,43
"1043",101,13,4,3,389,41
"1044",101,16,7,4,727,338
"1045",101,17,8,5,757,30
"1046",101,18,9,6,928,171
"1047",101,23,14,7,1874,946
"1048",101,25,16,8,2159,285
"1049",101,28,19,9,2559,400
"1050",101,30,21,10,2853,294
"1051",101,31,22,11,2870,17
"1052",101,32,23,12,4115,1245
"1053",101,33,24,13,4270,155
"1054",101,36,27,14,5012,742
"1055",101,39,30,15,5960,948
"1056",102,9,1,1,642,642
"1057",102,10,2,2,688,46
"1058",102,11,3,3,749,61
"1059",102,12,4,4,794,45
"1060",102,13,5,5,1074,280
"1061",102,14,6,6,1447,373
"1062",102,16,8,7,2147,700
"1063",102,17,9,8,3302,1155
"1064",102,18,10,9,3358,56
"1065",102,21,13,10,4299,941
"1066",102,23,15,11,4758,459
"1067",102,24,16,12,4959,201
"1068",102,25,17,13,5409,450
"1069",102,27,19,14,5611,202
"1070",102,28,20,15,6013,402
"1071",102,29,21,16,6120,107
"1072",102,30,22,17,6385,265
"1073",103,12,1,1,525,525
"1074",103,13,2,2,553,28
"1075",103,15,4,3,662,109
"1076",103,17,6,4,783,121
"1077",103,18,7,5,889,106
"1078",103,19,8,6,932,43
"1079",103,20,9,7,1083,151
"1080",103,21,10,8,1252,169
"1081",103,22,11,9,1468,216
"1082",103,27,16,10,2427,959
"1083",103,29,18,11,2811,384
"1084",103,31,20,12,3974,1163
"1085",103,33,22,13,4355,381
"1086",103,34,23,14,4599,244
"1094",105,12,1,1,450,450
"1095",105,13,2,2,504,54
"1096",105,14,3,3,646,142
"1097",105,15,4,4,764,118
"1098",105,16,5,5,949,185
"1099",105,17,6,6,989,40
"1100",105,19,8,7,1152,163
"1101",105,20,9,8,1423,271
"1102",105,21,10,9,1718,295
"1103",105,23,12,10,2067,349
"1104",105,24,13,11,2225,158
"1105",105,28,17,12,2481,256
"1106",105,29,18,13,2827,346
"1107",106,12,1,1,411,411
"1108",106,13,2,2,1292,881
"1109",106,14,3,3,1832,540
"1110",106,15,4,4,2027,195
"1111",106,16,5,5,2198,171
"1112",106,17,6,6,2636,438
"1113",106,19,8,7,2901,265
"1114",106,20,9,8,3134,233
"1115",106,21,10,9,3257,123
"1116",106,22,11,10,3410,153
"1117",106,23,12,11,3511,101
"1118",106,24,13,12,4031,520
"1119",106,26,15,13,4372,341
"1120",106,27,16,14,5033,661
"1121",106,31,20,15,6316,1283
"1122",106,33,22,16,6549,233
"1123",106,34,23,17,6914,365
"1124",106,35,24,18,7077,163
"1125",106,36,25,19,7180,103
"1126",106,39,28,20,7567,387
"1127",106,40,29,21,7674,107
"1128",106,41,30,22,7740,66
"1129",106,42,31,23,8205,465
"1130",107,11,1,1,564,564
"1131",107,16,6,2,1185,621
"1132",108,11,1,1,531,531
"1133",108,16,6,2,1007,476
"1134",108,22,12,3,2243,1236
"1149",110,11,1,1,517,517
"1150",110,12,2,2,534,17
"1151",110,13,3,3,625,91
"1152",110,14,4,4,708,83
"1153",110,16,6,5,1051,343
"1154",110,17,7,6,1173,122
"1155",110,18,8,7,1749,576
"1156",110,20,10,8,2326,577
"1157",110,22,12,9,2587,261
"1158",110,24,14,10,3681,1094
"1159",110,25,15,11,3951,270
"1160",111,10,1,1,520,520
"1161",111,11,2,2,568,48
"1162",111,12,3,3,740,172
"1163",111,13,4,4,883,143
"1164",111,15,6,5,1308,425
"1165",111,16,7,6,1525,217
"1166",111,18,9,7,1742,217
"1167",111,19,10,8,1882,140
"1168",111,20,11,9,1958,76
"1169",111,21,12,10,2149,191
"1170",111,22,13,11,2297,148
"1171",111,23,14,12,2442,145
"1172",111,25,16,13,3905,1463
"1173",111,27,18,14,4135,230
"1174",111,29,20,15,4340,205
"1175",111,30,21,16,4750,410
"1176",112,9,1,1,489,489
"1177",112,10,2,2,1274,785
"1178",112,11,3,3,1479,205
"1179",112,13,5,4,2068,589
"1180",113,10,1,1,534,534
"1181",113,11,2,2,638,104
"1182",113,12,3,3,653,15
"1183",113,13,4,4,697,44
"1184",113,14,5,5,727,30
"1185",113,21,12,6,1681,954
"1186",113,22,13,7,1999,318
"1187",113,24,15,8,2256,257
"1188",113,30,21,9,3719,1463
"1247",119,12,1,1,481,481
"1248",119,13,2,2,714,233
"1249",119,16,5,3,1060,346
"1250",119,18,7,4,1232,172
"1251",119,19,8,5,1740,508
"1252",119,20,9,6,1857,117
"1253",119,22,11,7,2021,164
"1254",119,23,12,8,2316,295
"1255",119,24,13,9,2676,360
"1256",119,25,14,10,2800,124
"1257",119,26,15,11,2972,172
"1275",122,11,1,1,487,487
"1276",122,12,2,2,588,101
"1277",122,14,4,3,1012,424
"1278",122,16,6,4,1210,198
"1279",122,17,7,5,1266,56
"1280",122,19,9,6,1402,136
"1281",122,21,11,7,1774,372
"1282",122,22,12,8,1842,68
"1283",122,23,13,9,1896,54
"1284",122,25,15,10,2436,540
"1285",122,26,16,11,2723,287
"1286",122,27,17,12,2769,46
"1287",122,28,18,13,2857,88
"1288",122,29,19,14,3114,257
"1289",122,30,20,15,3520,406
"1290",122,31,21,16,3883,363
"1291",122,32,22,17,4308,425
"1292",123,11,1,1,613,613
"1293",123,14,4,2,1089,476
"1294",123,15,5,3,1387,298
"1295",124,11,1,1,363,363
"1296",124,13,3,2,441,78
"1297",124,15,5,3,572,131
"1298",124,21,11,4,1040,468
"1299",125,12,1,1,591,591
"1300",125,14,3,2,900,309
"1301",125,15,4,3,1236,336
"1302",125,17,6,4,1465,229
"1303",125,18,7,5,1628,163
"1304",125,20,9,6,1904,276
"1305",125,21,10,7,2338,434
"1306",125,23,12,8,2807,469
"1307",125,24,13,9,2903,96
"1308",125,25,14,10,3370,467
"1309",125,26,15,11,3667,297
"1310",126,12,1,1,662,662
"1311",126,13,2,2,764,102
"1312",126,16,5,3,1155,391
"1313",126,17,6,4,1371,216
"1314",126,18,7,5,1594,223
"1315",126,20,9,6,1753,159
"1316",126,21,10,7,2193,440
"1317",126,22,11,8,2396,203
"1318",126,23,12,9,2767,371
"1319",126,24,13,10,3098,331
"1320",126,25,14,11,3530,432
"1321",126,26,15,12,3645,115
"1322",126,29,18,13,3861,216
"1323",126,30,19,14,3952,91
"1324",126,31,20,15,4258,306
"1325",126,32,21,16,4394,136
"1326",127,11,1,1,385,385
"1327",127,12,2,2,466,81
"1328",127,15,5,3,1155,689
"1329",127,17,7,4,1412,257
"1330",127,18,8,5,1503,91
"1331",128,11,1,1,455,455
"1332",128,13,3,2,700,245
"1333",128,14,4,3,839,139
"1370",133,12,1,1,489,489
"1371",133,16,5,2,803,314
"1372",133,17,6,3,852,49
"1373",133,18,7,4,1056,204
"1374",133,20,9,5,1161,105
"1375",133,23,12,6,1445,284
"1376",133,24,13,7,2116,671
"1377",133,25,14,8,2842,726
"1378",133,26,15,9,3064,222
"1379",133,31,20,10,3531,467
"1380",133,33,22,11,3695,164
"1381",133,34,23,12,4325,630
"1382",133,35,24,13,4509,184
"1383",133,36,25,14,4985,476
"1384",133,37,26,15,5197,212
"1385",133,39,28,16,6252,1055
"1386",133,41,30,17,6440,188
"1387",133,42,31,18,6657,217
"1388",133,43,32,19,6769,112
"1389",133,45,34,20,6978,209
"1390",133,47,36,21,7074,96
"1398",135,11,1,1,630,630
"1399",135,12,2,2,655,25
"1400",136,11,1,1,716,716
"1401",136,15,5,2,1014,298
"1402",136,16,6,3,1221,207
"1403",137,10,1,1,560,560
"1404",137,12,3,2,749,189
"1405",137,13,4,3,898,149
"1406",137,14,5,4,1186,288
"1407",137,15,6,5,1607,421
"1408",137,17,8,6,1654,47
"1409",137,19,10,7,2053,399
"1410",137,20,11,8,2274,221
"1411",137,21,12,9,2573,299
"1412",137,22,13,10,3254,681
"1413",137,23,14,11,3818,564
"1414",137,24,15,12,3918,100
"1415",138,12,1,1,476,476
"1416",138,15,4,2,739,263
"1417",138,16,5,3,918,179
"1418",138,18,7,4,1256,338
"1438",140,12,1,1,502,502
"1439",140,13,2,2,757,255
"1440",140,21,10,3,1572,815
"1441",140,22,11,4,1644,72
"1442",140,26,15,5,1962,318
"1443",141,12,1,1,547,547
"1444",141,13,2,2,608,61
"1445",141,14,3,3,853,245
"1450",143,10,1,1,409,409
"1451",143,11,2,2,672,263
"1452",143,15,6,3,996,324
"1453",143,19,10,4,2327,1331
"1454",143,20,11,5,2585,258
"1455",144,11,1,1,590,590
"1456",144,13,3,2,807,217
"1457",144,17,7,3,1066,259
"1458",144,18,8,4,1276,210
"1459",144,19,9,5,1521,245
"1460",144,24,14,6,2883,1362
"1461",144,25,15,7,3067,184
"1462",144,26,16,8,3290,223
"1463",144,29,19,9,3807,517
"1464",145,11,1,1,526,526
"1465",145,13,3,2,937,411
"1466",145,14,4,3,1329,392
"1467",145,16,6,4,1498,169
"1468",145,17,7,5,1754,256
"1469",145,18,8,6,1829,75
"1470",145,19,9,7,2108,279
"1471",145,20,10,8,3080,972
"1472",145,21,11,9,3909,829
"1473",145,23,13,10,4233,324
"1474",145,25,15,11,4566,333
"1475",146,12,1,1,525,525
"1476",146,13,2,2,641,116
"1477",146,15,4,3,798,157
"1478",146,17,6,4,1160,362
"1479",146,19,8,5,1335,175
"1480",146,20,9,6,1371,36
"1481",146,21,10,7,1537,166
"1482",146,23,12,8,1712,175
"1483",146,24,13,9,1767,55
"1484",146,25,14,10,2357,590
"1485",147,11,1,1,467,467
"1486",147,12,2,2,759,292
"1487",147,13,3,3,919,160
"1488",147,15,5,4,1520,601
"1489",147,17,7,5,1986,466
"1490",147,18,8,6,2077,91
"1491",147,19,9,7,2753,676
"1505",149,11,1,1,580,580
"1506",149,16,6,2,1274,694
"1507",149,19,9,3,1896,622
"1508",149,24,14,4,2163,267
"1509",149,25,15,5,2363,200
"1510",149,26,16,6,2631,268
"1511",149,29,19,7,2769,138
"1512",149,30,20,8,2905,136
"1513",150,10,1,1,407,407
"1514",150,11,2,2,446,39
"1515",150,12,3,3,780,334
"1516",150,14,5,4,1127,347
"1517",150,16,7,5,1590,463
"1518",150,17,8,6,2586,996
"1519",150,20,11,7,3079,493
"1520",150,21,12,8,3464,385
"1521",151,12,1,1,483,483
"1522",151,13,2,2,553,70
"1523",151,15,4,3,1388,835
"1524",151,17,6,4,1471,83
"1525",152,12,1,1,555,555
"1526",152,13,2,2,757,202
"1527",152,14,3,3,1011,254
"1528",152,15,4,4,1397,386
"1529",152,17,6,5,1774,377
"1530",152,18,7,6,1946,172
"1531",152,19,8,7,2219,273
"1532",152,20,9,8,2362,143
"1537",154,12,1,1,525,525
"1538",154,16,5,2,876,351
"1539",154,17,6,3,1252,376
"1540",154,18,7,4,1425,173
"1541",154,21,10,5,2470,1045
"1542",154,23,12,6,2911,441
"1543",154,24,13,7,2975,64
"1544",154,27,16,8,3181,206
"1545",155,10,1,1,469,469
"1546",155,11,2,2,717,248
"1547",155,13,4,3,1042,325
"1548",155,15,6,4,1262,220
"1549",155,20,11,5,1855,593
"1550",155,25,16,6,2373,518
"1551",155,26,17,7,2570,197
"1552",155,27,18,8,2762,192
"1553",155,29,20,9,3186,424
"1554",155,30,21,10,3283,97
"1555",155,32,23,11,3599,316
"1556",155,33,24,12,3798,199
"1557",155,34,25,13,3939,141
"1558",155,35,26,14,4358,419
"1559",155,36,27,15,4444,86
"1574",158,12,1,1,496,496
"1575",158,17,6,2,774,278
"1576",158,18,7,3,913,139
"1577",158,19,8,4,987,74
"1578",158,20,9,5,1040,53
"1579",158,21,10,6,1288,248
"1580",158,24,13,7,1968,680
"1581",158,29,18,8,3267,1299
"1582",158,30,19,9,3698,431
"1685",164,12,1,1,325,325
"1686",164,15,4,2,460,135
"1687",164,16,5,3,612,152
"1688",164,17,6,4,685,73
"1689",164,18,7,5,953,268
"1690",164,19,8,6,1018,65
"1691",164,20,9,7,1130,112
"1692",164,21,10,8,1404,274
"1693",164,23,12,9,2427,1023
"1694",164,24,13,10,2586,159
"1695",164,25,14,11,2919,333
"1696",164,26,15,12,3254,335
"1697",164,28,17,13,3526,272
"1698",164,29,18,14,3566,40
"1699",164,30,19,15,3682,116
"1700",164,31,20,16,3869,187
"1701",164,32,21,17,4130,261
"1702",164,33,22,18,4384,254
"1703",164,34,23,19,4710,326
"1704",164,36,25,20,5374,664
"1705",164,37,26,21,5814,440
"1706",164,38,27,22,5912,98
"1707",164,40,29,23,6836,924
"1708",164,41,30,24,6985,149
"1709",164,42,31,25,7161,176
"1710",164,43,32,26,7338,177
"1711",164,44,33,27,7483,145
"1712",165,13,1,1,560,560
"1713",165,14,2,2,604,44
"1714",165,15,3,3,1065,461
"1715",165,16,4,4,1357,292
"1729",167,12,1,1,457,457
"1730",167,13,2,2,521,64
"1731",167,14,3,3,626,105
"1732",167,15,4,4,748,122
"1733",168,10,1,1,575,575
"1734",168,12,3,2,1944,1369
"1735",168,14,5,3,2432,488
"1736",168,16,7,4,2630,198
"1737",168,17,8,5,3147,517
"1738",168,20,11,6,3896,749
"1739",168,22,13,7,4889,993
"1740",168,24,15,8,5234,345
"1741",168,25,16,9,5344,110
"1742",168,27,18,10,5891,547
"1743",168,28,19,11,6023,132
"1744",168,29,20,12,6205,182
"1745",168,30,21,13,6340,135
"1752",170,10,1,1,585,585
"1753",170,11,2,2,755,170
"1754",170,12,3,3,1082,327
"1755",170,13,4,4,1115,33
"1756",170,15,6,5,1758,643
"1757",170,16,7,6,1993,235
"1758",170,17,8,7,2731,738
"1759",170,21,12,8,3876,1145
"1769",172,12,1,1,400,400
"1770",172,15,4,2,898,498
"1771",172,19,8,3,2147,1249
"1772",172,20,9,4,3227,1080
"1773",172,21,10,5,3510,283
"1774",172,22,11,6,3811,301
"1775",172,24,13,7,4286,475
"1776",172,25,14,8,4615,329
"1777",172,26,15,9,4732,117
"1778",172,27,16,10,4812,80
"1779",172,31,20,11,5094,282
"1780",172,32,21,12,5147,53
"1781",172,34,23,13,5760,613
"1782",172,35,24,14,6047,287
"1783",172,36,25,15,6159,112
"1796",174,12,1,1,440,440
"1797",174,13,2,2,544,104
"1798",174,14,3,3,934,390
"1799",174,16,5,4,1165,231
"1800",174,17,6,5,1305,140
"1801",174,21,10,6,2542,1237
"1802",174,22,11,7,2955,413
"1803",174,23,12,8,3482,527
"1804",174,25,14,9,4550,1068
"1805",174,29,18,10,5674,1124
"1806",174,30,19,11,5748,74
"1807",174,31,20,12,5988,240
"1808",174,32,21,13,6305,317
"1825",176,10,1,1,635,635
"1826",176,11,2,2,686,51
"1827",176,12,3,3,761,75
"1828",176,15,6,4,894,133
"1829",176,17,8,5,1321,427
"1830",176,18,9,6,1529,208
"1831",176,19,10,7,1753,224
"1832",176,20,11,8,1816,63
"1833",176,22,13,9,2207,391
"1834",176,24,15,10,2476,269
"1835",176,27,18,11,3500,1024
"1836",176,28,19,12,3941,441
"1837",176,29,20,13,4309,368
"1838",176,30,21,14,4852,543
"1839",176,32,23,15,5337,485
"1840",176,33,24,16,5555,218
"1841",176,34,25,17,5751,196
"1842",176,35,26,18,5886,135
"1843",177,11,1,1,406,406
"1844",177,16,6,2,845,439
"1845",177,20,10,3,1990,1145
"1846",177,24,14,4,2783,793
"1865",179,12,1,1,314,314
"1866",179,13,2,2,498,184
"1867",179,14,3,3,556,58
"1868",179,15,4,4,624,68
"1869",179,16,5,5,845,221
"1870",179,17,6,6,948,103
"1871",179,18,7,7,1130,182
"1872",179,19,8,8,1728,598
"1873",179,20,9,9,1914,186
"1874",179,21,10,10,2228,314
"1875",179,22,11,11,2349,121
"1876",179,23,12,12,2717,368
"1877",179,24,13,13,3028,311
"1878",179,27,16,14,3564,536
"1879",179,28,17,15,4047,483
"1880",179,29,18,16,4744,697
"1881",179,30,19,17,4861,117
"1882",179,33,22,18,5046,185
"1883",179,34,23,19,5323,277
"1884",179,36,25,20,5358,35
"1885",179,39,28,21,6427,1069
"1886",179,40,29,22,6607,180
"1887",179,41,30,23,6778,171
"1888",179,44,33,24,7008,230
"1889",179,45,34,25,7188,180
"1890",179,46,35,26,7245,57
"1891",179,47,36,27,7389,144
"1892",179,48,37,28,7656,267
"1893",179,50,39,29,7964,308
"1894",179,51,40,30,8811,847
"1917",181,9,1,1,476,476
"1918",181,10,2,2,593,117
"1919",181,11,3,3,668,75
"1920",181,13,5,4,1413,745
"1921",181,14,6,5,1487,74
"1922",181,18,10,6,1783,296
"1923",181,19,11,7,1895,112
"1924",181,20,12,8,1972,77
"1925",181,21,13,9,2096,124
"1926",181,22,14,10,2310,214
"1927",181,23,15,11,2821,511
"1928",181,26,18,12,3975,1154
"1929",181,28,20,13,4832,857
"1930",181,29,21,14,6016,1184
"1944",183,11,1,1,594,594
"1945",183,13,3,2,1130,536
"1946",183,14,4,3,1258,128
"1947",183,15,5,4,1346,88
"1948",183,16,6,5,1455,109
"1949",183,21,11,6,2118,663
"1965",185,12,1,1,455,455
"1966",185,18,7,2,1680,1225
"1967",185,19,8,3,2026,346
"1968",185,23,12,4,2673,647
"2007",189,10,1,1,361,361
"2008",189,11,2,2,674,313
"2009",189,17,8,3,1383,709
"2010",189,22,13,4,1865,482
"2011",190,11,1,1,596,596
"2012",190,13,3,2,1140,544
"2013",190,14,4,3,1458,318
"2014",190,15,5,4,1614,156
"2015",190,16,6,5,1693,79
"2016",191,12,1,1,612,612
"2017",191,13,2,2,780,168
"2018",191,14,3,3,884,104
"2019",191,16,5,4,994,110
"2020",191,17,6,5,1435,441
"2021",191,18,7,6,1824,389
"2022",191,20,9,7,2330,506
"2023",191,24,13,8,2841,511
"2024",191,26,15,9,3136,295
"2025",191,28,17,10,3764,628
"2026",191,29,18,11,4102,338
"2027",191,31,20,12,4532,430
"2028",191,32,21,13,4727,195
"2029",191,33,22,14,4900,173
"2030",191,34,23,15,5033,133
"2039",193,12,1,1,432,432
"2040",193,14,3,2,656,224
"2078",197,10,1,1,575,575
"2079",197,11,2,2,599,24
"2080",197,13,4,3,637,38
"2081",197,14,5,4,992,355
"2082",197,15,6,5,1057,65
"2083",197,16,7,6,1078,21
"2084",197,17,8,7,1135,57
"2085",197,18,9,8,1402,267
"2086",197,19,10,9,1706,304
"2087",197,22,13,10,2521,815
"2088",197,23,14,11,2705,184
"2089",197,24,15,12,2873,168
"2090",198,12,1,1,497,497
"2091",198,13,2,2,679,182
"2092",198,18,7,3,1034,355
"2093",198,19,8,4,1375,341
"2094",198,21,10,5,1475,100
"2095",198,23,12,6,1761,286
"2096",198,25,14,7,2469,708
"2097",198,27,16,8,2870,401
"2098",198,28,17,9,3141,271
"2099",198,29,18,10,3289,148
"2100",198,30,19,11,3515,226
"2101",198,33,22,12,4167,652
"2102",198,35,24,13,4605,438
"2103",198,38,27,14,5659,1054
"2121",200,11,1,1,458,458
"2122",200,12,2,2,745,287
"2123",200,13,3,3,806,61
"2124",200,16,6,4,1400,594
"2125",200,18,8,5,1622,222
"2126",200,20,10,6,2132,510
"2127",200,21,11,7,2464,332
"2128",200,22,12,8,2900,436
"2129",200,23,13,9,3692,792
"2130",200,24,14,10,4024,332
"2131",200,25,15,11,4325,301
"2132",200,26,16,12,4685,360
"2133",200,27,17,13,4973,288
"2134",200,30,20,14,5345,372
"2135",200,31,21,15,6537,1192
"2136",200,32,22,16,6660,123
"2137",200,33,23,17,6687,27
"2138",200,34,24,18,6944,257
"2139",201,12,1,1,615,615
"2140",201,14,3,2,761,146
"2141",201,18,7,3,2252,1491
"2142",201,21,10,4,3701,1449
"2143",201,22,11,5,3764,63
"2144",201,23,12,6,3941,177
"2145",201,24,13,7,4012,71
"2146",201,25,14,8,4510,498
"2147",201,27,16,9,4569,59
"2148",201,28,17,10,5000,431
"2149",201,29,18,11,5104,104
"2150",201,30,19,12,5446,342
"2151",201,32,21,13,5833,387
"2152",201,33,22,14,5913,80
"2153",201,34,23,15,6337,424
"2154",201,35,24,16,7213,876
"2155",201,37,26,17,7791,578
"2156",201,40,29,18,8100,309
"2157",201,43,32,19,8802,702
"2158",202,12,1,1,587,587
"2159",202,17,6,2,1354,767
"2160",202,23,12,3,1629,275
"2161",202,24,13,4,2629,1000
"2162",202,27,16,5,2977,348
"2163",203,12,1,1,552,552
"2164",203,14,3,2,1189,637
"2165",203,15,4,3,1279,90
"2166",203,16,5,4,1646,367
"2167",203,17,6,5,1789,143
"2168",203,18,7,6,2063,274
"2169",203,19,8,7,2170,107
"2170",203,23,12,8,2957,787
"2171",203,24,13,9,3119,162
"2172",203,26,15,10,3407,288
"2173",204,11,1,1,424,424
"2174",204,13,3,2,613,189
"2175",204,14,4,3,687,74
"2176",204,20,10,4,1689,1002
"2177",205,13,1,1,596,596
"2178",205,14,2,2,928,332
"2179",205,15,3,3,993,65
"2180",205,16,4,4,1188,195
"2181",205,17,5,5,1307,119
"2182",205,18,6,6,1357,50
"2183",205,19,7,7,1627,270
"2184",205,20,8,8,1748,121
"2185",205,22,10,9,3129,1381
"2186",205,24,12,10,3245,116
"2187",205,25,13,11,3315,70
"2188",205,26,14,12,3648,333
"2219",208,13,1,1,469,469
"2220",208,14,2,2,518,49
"2221",208,15,3,3,783,265
"2222",208,16,4,4,885,102
"2223",208,18,6,5,1134,249
"2224",208,19,7,6,1368,234
"2225",208,20,8,7,1588,220
"2226",208,21,9,8,1629,41
"2227",208,24,12,9,2955,1326
"2228",208,25,13,10,3536,581
"2234",210,11,1,1,480,480
"2235",210,12,2,2,535,55
"2236",210,15,5,3,1441,906
"2237",210,16,6,4,1615,174
"2238",210,19,9,5,2179,564
"2239",210,20,10,6,2348,169
"2240",210,21,11,7,2465,117
"2257",212,11,1,1,549,549
"2258",212,12,2,2,730,181
"2259",212,13,3,3,761,31
"2260",212,15,5,4,850,89
"2261",212,16,6,5,950,100
"2262",212,23,13,6,1301,351
"2263",212,24,14,7,1738,437
"2269",214,11,1,1,427,427
"2270",214,15,5,2,673,246
"2271",214,20,10,3,1583,910
"2272",214,21,11,4,2024,441
"2273",214,22,12,5,3430,1406
"2274",214,24,14,6,3787,357
"2275",214,26,16,7,4818,1031
"2276",214,27,17,8,5236,418
"2277",214,28,18,9,5444,208
"2278",214,30,20,10,6133,689
"2279",214,33,23,11,6642,509
"2280",214,36,26,12,7728,1086
"2281",214,39,29,13,8482,754
"2282",214,40,30,14,8759,277
"2283",214,41,31,15,8911,152
"2284",215,10,1,1,475,475
"2285",215,11,2,2,591,116
"2286",215,15,6,3,1277,686
"2287",215,18,9,4,1923,646
"2288",215,20,11,5,2026,103
"2289",215,21,12,6,2161,135
"2290",215,22,13,7,2310,149
"2291",216,13,1,1,538,538
"2292",216,15,3,2,802,264
"2293",216,16,4,3,939,137
"2294",216,21,9,4,1885,946
"2295",216,22,10,5,2175,290
"2296",217,13,1,1,444,444
"2297",217,16,4,2,533,89
"2298",217,17,5,3,778,245
"2299",217,19,7,4,1120,342
"2300",217,22,10,5,2186,1066
"2301",217,23,11,6,3124,938
"2302",217,24,12,7,3375,251
"2303",217,26,14,8,3688,313
"2304",217,27,15,9,4077,389
"2305",217,29,17,10,4606,529
"2306",217,30,18,11,5159,553
"2312",219,10,1,1,596,596
"2313",219,12,3,2,1518,922
"2314",219,14,5,3,2383,865
"2315",219,16,7,4,2835,452
"2316",219,17,8,5,3632,797
"2317",219,18,9,6,4175,543
"2318",219,19,10,7,4637,462
"2352",223,12,1,1,289,289
"2353",223,13,2,2,392,103
"2354",223,15,4,3,490,98
"2375",226,10,1,1,498,498
"2376",226,13,4,2,1087,589
"2377",226,15,6,3,1602,515
"2378",226,16,7,4,1767,165
"2379",226,18,9,5,1908,141
"2380",226,20,11,6,2610,702
"2381",226,22,13,7,3006,396
"2382",226,23,14,8,3216,210
"2383",226,24,15,9,3810,594
"2384",226,25,16,10,4206,396
"2385",226,26,17,11,4487,281
"2386",226,27,18,12,5061,574
"2387",226,29,20,13,5169,108
"2388",226,30,21,14,5374,205
"2389",226,31,22,15,5465,91
"2390",226,35,26,16,5902,437
"2391",226,37,28,17,6503,601
"2392",226,38,29,18,6705,202
"2393",226,41,32,19,7344,639
"2403",228,12,1,1,491,491
"2404",228,13,2,2,580,89
"2405",228,14,3,3,758,178
"2406",228,15,4,4,1022,264
"2407",228,16,5,5,1116,94
"2408",228,17,6,6,1637,521
"2409",228,18,7,7,1819,182
"2410",228,19,8,8,2019,200
"2411",228,20,9,9,2058,39
"2412",228,22,11,10,2190,132
"2413",228,23,12,11,2774,584
"2414",228,24,13,12,3456,682
"2415",228,26,15,13,3984,528
"2416",228,28,17,14,5278,1294
"2417",228,29,18,15,5521,243
"2418",228,30,19,16,5859,338
"2419",228,31,20,17,6001,142
"2420",228,33,22,18,6315,314
"2428",230,12,1,1,650,650
"2429",230,13,2,2,744,94
"2430",230,14,3,3,758,14
"2431",230,17,6,4,1253,495
"2432",230,18,7,5,1396,143
"2433",230,19,8,6,1677,281
"2434",230,21,10,7,1715,38
"2435",230,22,11,8,1829,114
"2436",230,23,12,9,2270,441
"2437",230,24,13,10,2548,278
"2438",230,26,15,11,2712,164
"2439",230,27,16,12,2789,77
"2440",230,29,18,13,3161,372
"2441",230,30,19,14,3204,43
"2442",230,31,20,15,3511,307
"2454",232,12,1,1,581,581
"2455",232,15,4,2,749,168
"2456",232,17,6,3,1284,535
"2457",232,23,12,4,2320,1036
"2458",232,27,16,5,3089,769
"2459",232,28,17,6,3648,559
"2460",233,11,1,1,283,283
"2461",233,16,6,2,957,674
"2462",233,17,7,3,1193,236
"2463",233,18,8,4,1588,395
"2464",233,19,9,5,2570,982
"2465",233,20,10,6,2979,409
"2466",233,23,13,7,3290,311
"2467",233,24,14,8,3688,398
"2468",233,25,15,9,3980,292
"2469",233,26,16,10,4186,206
"2470",233,27,17,11,4738,552
"2471",233,28,18,12,5085,347
"2472",233,29,19,13,5200,115
"2473",233,30,20,14,6045,845
"2474",233,31,21,15,6216,171
"2475",233,32,22,16,6790,574
"2476",233,33,23,17,6859,69
"2477",233,34,24,18,6947,88
"2511",237,11,1,1,684,684
"2512",237,12,2,2,813,129
"2513",237,13,3,3,902,89
"2514",238,10,1,1,499,499
"2515",238,13,4,2,744,245
"2516",238,14,5,3,824,80
"2517",238,16,7,4,857,33
"2518",238,18,9,5,1101,244
"2519",238,19,10,6,1246,145
"2520",238,20,11,7,1301,55
"2521",238,22,13,8,1865,564
"2522",238,23,14,9,2096,231
"2523",238,24,15,10,2639,543
"2524",238,27,18,11,2719,80
"2525",238,28,19,12,2911,192
"2526",238,30,21,13,3020,109
"2527",238,31,22,14,3296,276
"2528",238,32,23,15,3441,145
"2529",238,35,26,16,3635,194
"2530",238,37,28,17,5121,1486
"2531",238,39,30,18,5573,452
"2532",238,40,31,19,5631,58
"2533",238,41,32,20,5829,198
"2534",238,42,33,21,5970,141
"2535",238,44,35,22,6373,403
"2536",238,45,36,23,6667,294
"2551",240,10,1,1,397,397
"2552",240,11,2,2,744,347
"2553",240,13,4,3,1413,669
"2554",240,18,9,4,2174,761
"2555",240,19,10,5,2396,222
"2556",240,22,13,6,3242,846
"2557",240,23,14,7,3368,126
"2558",240,24,15,8,3560,192
"2559",240,26,17,9,3831,271
"2560",240,30,21,10,4249,418
"2561",241,12,1,1,607,607
"2562",241,13,2,2,699,92
"2563",241,14,3,3,790,91
"2564",241,17,6,4,2096,1306
"2565",241,22,11,5,2979,883
"2566",241,23,12,6,3150,171
"2567",241,24,13,7,3559,409
"2568",241,25,14,8,3769,210
"2569",241,27,16,9,4148,379
"2570",242,11,1,1,403,403
"2571",242,13,3,2,655,252
"2572",242,19,9,3,1517,862
"2573",243,13,1,1,358,358
"2574",243,15,3,2,531,173
"2575",243,20,8,3,1396,865
"2576",243,24,12,4,1902,506
"2577",243,28,16,5,2084,182
"2582",245,12,1,1,500,500
"2583",245,14,3,2,568,68
"2584",245,15,4,3,834,266
"2585",245,17,6,4,1263,429
"2586",245,20,9,5,1462,199
"2587",245,22,11,6,1897,435
"2588",246,12,1,1,629,629
"2589",246,15,4,2,965,336
"2590",246,18,7,3,1091,126
"2591",246,19,8,4,1199,108
"2592",246,23,12,5,2075,876
"2593",246,25,14,6,2331,256
"2594",246,29,18,7,3235,904
"2595",246,31,20,8,4203,968
"2596",247,10,1,1,541,541
"2597",247,14,5,2,1487,946
"2598",247,17,8,3,1756,269
"2599",247,20,11,4,2260,504
"2600",247,27,18,5,3425,1165
"2601",247,28,19,6,3561,136
"2602",248,12,1,1,400,400
"2603",248,14,3,2,522,122
"2604",248,20,9,3,1285,763
"2605",248,21,10,4,1567,282
"2606",248,24,13,5,2582,1015
"2615",250,11,1,1,325,325
"2616",250,12,2,2,500,175
"2617",250,16,6,3,597,97
"2618",250,18,8,4,824,227
"2619",250,30,20,5,1842,1018
"2639",253,12,1,1,538,538
"2640",253,14,3,2,781,243
"2641",253,19,8,3,1216,435
"2642",254,10,1,1,423,423
"2643",254,11,2,2,517,94
"2644",254,16,7,3,872,355
"2645",254,17,8,4,1032,160
"2646",254,21,12,5,1368,336
"2647",254,23,14,6,2117,749
"2648",254,25,16,7,3466,1349
"2649",254,28,19,8,3860,394
"2650",254,29,20,9,3970,110
"2651",254,30,21,10,4305,335
"2652",254,32,23,11,4389,84
"2653",255,10,1,1,363,363
"2654",255,12,3,2,584,221
"2655",255,14,5,3,637,53
"2656",255,15,6,4,1022,385
"2657",255,16,7,5,1174,152
"2658",255,17,8,6,1196,22
"2659",256,12,1,1,590,590
"2660",256,13,2,2,889,299
"2661",256,14,3,3,1004,115
"2662",256,16,5,4,1323,319
"2663",256,17,6,5,1817,494
"2664",256,18,7,6,2074,257
"2665",256,20,9,7,2465,391
"2666",256,21,10,8,2856,391
"2667",256,22,11,9,3330,474
"2668",256,24,13,10,3478,148
"2669",256,26,15,11,4036,558
"2670",256,27,16,12,4361,325
"2671",256,28,17,13,4474,113
"2672",256,29,18,14,5538,1064
"2673",256,30,19,15,5592,54
"2674",256,32,21,16,5868,276
"2675",256,33,22,17,6027,159
"2676",256,34,23,18,6166,139
"2677",256,39,28,19,7004,838
"2678",257,12,1,1,540,540
"2679",257,14,3,2,802,262
"2680",257,16,5,3,974,172
"2681",257,19,8,4,1714,740
"2682",257,20,9,5,1991,277
"2683",257,21,10,6,2654,663
"2684",257,25,14,7,3335,681
"2685",258,12,1,1,397,397
"2686",258,13,2,2,455,58
"2687",258,14,3,3,540,85
"2688",258,16,5,4,1193,653
"2689",258,18,7,5,1567,374
"2690",258,19,8,6,1655,88
"2691",258,21,10,7,2134,479
"2692",258,26,15,8,2359,225
"2693",258,29,18,9,2705,346
"2694",258,31,20,10,3127,422
"2695",258,32,21,11,3401,274
"2696",259,9,1,1,425,425
"2697",259,10,2,2,456,31
"2698",259,12,4,3,664,208
"2699",259,13,5,4,776,112
"2700",259,15,7,5,888,112
"2701",259,17,9,6,986,98
"2702",260,10,1,1,593,593
"2703",260,11,2,2,609,16
"2704",260,13,4,3,1475,866
"2705",260,14,5,4,1564,89
"2706",260,19,10,5,1974,410
"2707",260,20,11,6,2362,388
"2708",260,21,12,7,2659,297
"2709",260,22,13,8,2720,61
"2710",260,23,14,9,3003,283
"2711",260,24,15,10,3156,153
"2712",260,26,17,11,3907,751
"2713",260,27,18,12,4103,196
"2714",260,28,19,13,4721,618
"2715",260,29,20,14,5153,432
"2716",260,30,21,15,5372,219
"2717",260,31,22,16,5849,477
"2718",260,32,23,17,5923,74
"2726",262,11,1,1,537,537
"2727",262,12,2,2,724,187
"2728",262,13,3,3,769,45
"2729",262,15,5,4,1192,423
"2730",262,17,7,5,1456,264
"2731",262,19,9,6,1554,98
"2732",263,12,1,1,303,303
"2733",263,13,2,2,335,32
"2734",263,14,3,3,408,73
"2735",263,18,7,4,1222,814
"2736",263,19,8,5,1634,412
"2737",263,22,11,6,2427,793
"2738",264,10,1,1,412,412
"2739",264,15,6,2,1691,1279
"2740",264,16,7,3,1773,82
"2741",264,19,10,4,1972,199
"2742",264,20,11,5,2093,121
"2743",264,21,12,6,2417,324
"2744",264,26,17,7,3259,842
"2745",265,11,1,1,522,522
"2746",265,13,3,2,935,413
"2747",265,14,4,3,1799,864
"2748",265,15,5,4,2004,205
"2749",265,16,6,5,2419,415
"2750",265,17,7,6,2500,81
"2751",265,20,10,7,3657,1157
"2752",265,21,11,8,3784,127
"2753",265,24,14,9,4018,234
"2754",265,25,15,10,4357,339
"2755",265,26,16,11,4824,467
"2756",265,27,17,12,5201,377
"2757",265,28,18,13,6045,844
"2761",267,12,1,1,469,469
"2762",267,14,3,2,634,165
"2763",267,16,5,3,2060,1426
"2764",267,17,6,4,2202,142
"2765",267,18,7,5,2585,383
"2766",267,19,8,6,2861,276
"2767",267,21,10,7,3425,564
"2768",267,22,11,8,3596,171
"2769",267,23,12,9,3955,359
"2770",268,11,1,1,472,472
"2771",268,14,4,2,800,328
"2772",268,15,5,3,905,105
"2773",268,19,9,4,1431,526
"2774",268,22,12,5,1847,416
"2775",268,25,15,6,2650,803
"2776",268,29,19,7,2995,345
"2777",268,30,20,8,3152,157
"2778",268,34,24,9,4578,1426
"2779",268,35,25,10,4710,132
"2809",271,11,1,1,298,298
"2810",271,13,3,2,343,45
"2811",272,11,1,1,571,571
"2812",272,12,2,2,618,47
"2813",272,16,6,3,2061,1443
"2814",272,17,7,4,2444,383
"2815",273,9,1,1,626,626
"2816",273,12,4,2,728,102
"2817",273,13,5,3,819,91
"2818",273,14,6,4,1230,411
"2819",273,17,9,5,1522,292
"2820",273,19,11,6,1753,231
"2821",273,23,15,7,2909,1156
"2822",273,29,21,8,3478,569
"2823",273,30,22,9,4645,1167
"2827",275,12,1,1,583,583
"2828",275,14,3,2,1550,967
"2829",275,16,5,3,2241,691
"2830",275,17,6,4,2346,105
"2875",279,11,1,1,464,464
"2876",279,14,4,2,659,195
"2877",279,15,5,3,772,113
"2878",279,17,7,4,1094,322
"2889",281,9,1,1,454,454
"2890",281,11,3,2,1061,607
"2891",281,13,5,3,1243,182
"2892",281,14,6,4,2429,1186
"2893",281,15,7,5,2504,75
"2894",281,16,8,6,2681,177
"2895",281,17,9,7,3035,354
"2896",281,18,10,8,3139,104
"2897",281,20,12,9,3497,358
"2898",281,21,13,10,3884,387
"2899",281,22,14,11,3935,51
"2900",281,24,16,12,4373,438
"2901",281,25,17,13,5671,1298
"2902",281,28,20,14,5797,126
"2903",281,29,21,15,6135,338
"2904",281,30,22,16,6172,37
"2905",281,33,25,17,6779,607
"2906",281,35,27,18,7107,328
"2907",281,38,30,19,7556,449
"2931",285,11,1,1,607,607
"2932",285,15,5,2,1057,450
"2933",285,18,8,3,1293,236
"2958",287,11,1,1,587,587
"2959",287,12,2,2,616,29
"2960",287,13,3,3,890,274
"2961",287,15,5,4,1868,978
"2962",287,16,6,5,1927,59
"2963",287,17,7,6,2113,186
"2977",290,10,1,1,444,444
"2978",290,11,2,2,641,197
"2979",290,12,3,3,782,141
"2980",290,13,4,4,1186,404
"2981",290,14,5,5,1228,42
"2982",290,17,8,6,2341,1113
"2983",290,18,9,7,3587,1246
"2984",290,19,10,8,3693,106
"2985",290,20,11,9,4517,824
"2986",290,21,12,10,4756,239
"2987",290,22,13,11,4953,197
"2988",290,23,14,12,5376,423
"2989",290,25,16,13,6165,789
"2990",290,26,17,14,6493,328
"2991",290,27,18,15,6676,183
"2992",290,28,19,16,7200,524
"2993",290,29,20,17,7259,59
"3012",292,11,1,1,532,532
"3013",292,16,6,2,980,448
"3014",292,17,7,3,1062,82
"3015",292,19,9,4,1802,740
"3016",292,20,10,5,1825,23
"3017",292,21,11,6,1888,63
"3018",292,23,13,7,2126,238
"3019",292,25,15,8,2356,230
"3020",292,27,17,9,2920,564
"3021",292,28,18,10,3056,136
"3022",292,29,19,11,3457,401
"3023",292,31,21,12,3608,151
"3024",292,34,24,13,3975,367
"3025",293,12,1,1,494,494
"3026",293,13,2,2,830,336
"3027",293,14,3,3,980,150
"3028",293,15,4,4,1510,530
"3029",293,16,5,5,1935,425
"3030",293,18,7,6,2577,642
"3031",293,19,8,7,2710,133
"3046",295,11,1,1,500,500
"3047",295,14,4,2,593,93
"3048",295,16,6,3,717,124
"3049",295,18,8,4,941,224
"3050",295,21,11,5,1084,143
"3051",295,22,12,6,1295,211
"3052",295,23,13,7,1496,201
"3053",295,24,14,8,1783,287
"3054",295,29,19,9,2418,635
"3055",295,31,21,10,3653,1235
"3058",297,8,1,1,282,282
"3059",297,9,2,2,350,68
"3060",297,11,4,3,1092,742
"3061",297,12,5,4,1362,270
"3062",297,14,7,5,2854,1492
"3063",297,15,8,6,3126,272
"3064",297,16,9,7,3197,71
"3065",297,17,10,8,3541,344
"3066",297,18,11,9,3929,388
"3067",297,22,15,10,5257,1328
"3068",297,25,18,11,5401,144
"3069",297,27,20,12,5522,121
"3070",298,13,1,1,291,291
"3071",298,17,5,2,1782,1491
"3072",298,22,10,3,2325,543
"3073",298,23,11,4,2398,73
"3074",298,26,14,5,3009,611
"3075",298,28,16,6,4133,1124
"3076",298,30,18,7,4506,373
"3077",298,31,19,8,4666,160
"3078",299,12,1,1,591,591
"3079",299,17,6,2,1925,1334
"3080",299,20,9,3,2502,577
"3081",299,22,11,4,2647,145
"3082",299,29,18,5,3335,688
"3083",300,12,1,1,534,534
"3084",300,13,2,2,626,92
"3085",300,16,5,3,1010,384
"3086",300,17,6,4,1136,126
"3087",300,25,14,5,1654,518
"3088",300,31,20,6,2102,448
"3089",300,34,23,7,2320,218
"3104",303,11,1,1,606,606
"3105",303,12,2,2,694,88
"3106",303,14,4,3,1111,417
"3107",303,16,6,4,1161,50
"3108",303,17,7,5,1202,41
"3109",303,18,8,6,1396,194
"3110",303,19,9,7,1456,60
"3111",303,20,10,8,1612,156
"3112",303,21,11,9,1738,126
"3113",303,22,12,10,2011,273
"3114",303,23,13,11,2133,122
"3115",303,24,14,12,2304,171
"3116",303,26,16,13,2672,368
"3117",303,27,17,14,3270,598
"3118",303,29,19,15,3855,585
"3119",303,30,20,16,3908,53
"3120",303,32,22,17,4182,274
"3121",303,33,23,18,4467,285
"3122",303,35,25,19,4895,428
"3123",303,37,27,20,5719,824
"3124",303,38,28,21,5795,76
"3125",303,41,31,22,6065,270
"3126",304,10,1,1,630,630
"3127",304,11,2,2,825,195
"3128",304,12,3,3,871,46
"3129",304,13,4,4,939,68
"3130",304,14,5,5,1122,183
"3131",304,15,6,6,1391,269
"3132",304,16,7,7,1532,141
"3133",304,17,8,8,1724,192
"3145",306,11,1,1,296,296
"3146",306,13,3,2,783,487
"3147",306,14,4,3,1588,805
"3148",306,15,5,4,1698,110
"3149",306,17,7,5,2998,1300
"3150",306,18,8,6,3141,143
"3151",306,20,10,7,4331,1190
"3152",306,21,11,8,4445,114
"3153",306,23,13,9,5473,1028
"3154",306,24,14,10,5631,158
"3155",306,25,15,11,6075,444
"3156",306,27,17,12,6546,471
"3157",306,28,18,13,7503,957
"3158",306,29,19,14,7604,101
"3159",306,30,20,15,8111,507
"3160",306,31,21,16,8245,134
"3161",306,33,23,17,8737,492
"3162",306,34,24,18,9402,665
"3163",306,35,25,19,9456,54
"3164",306,36,26,20,9579,123
"3165",306,37,27,21,9703,124
"3166",306,38,28,22,9829,126
"3167",306,39,29,23,10010,181
"3168",307,12,1,1,361,361
"3169",307,13,2,2,420,59
"3170",307,14,3,3,434,14
"3171",307,16,5,4,538,104
"3172",307,17,6,5,581,43
"3173",307,18,7,6,655,74
"3174",307,19,8,7,882,227
"3175",307,21,10,8,1457,575
"3176",307,22,11,9,1558,101
"3177",307,23,12,10,1698,140
"3178",307,26,15,11,1882,184
"3179",307,27,16,12,2253,371
"3180",307,28,17,13,2939,686
"3184",309,10,1,1,727,727
"3185",309,14,5,2,1259,532
"3186",309,15,6,3,1357,98
"3187",309,16,7,4,1484,127
"3188",309,17,8,5,1801,317
"3189",309,18,9,6,2080,279
"3190",309,19,10,7,2208,128
"3191",309,21,12,8,2456,248
"3192",309,22,13,9,3071,615
"3193",309,24,15,10,4474,1403
"3194",309,26,17,11,4647,173
"3195",309,27,18,12,4771,124
"3196",310,10,1,1,594,594
"3197",310,11,2,2,705,111
"3198",310,15,6,3,1251,546
"3199",310,20,11,4,2669,1418
"3200",310,21,12,5,3178,509
"3201",310,23,14,6,3633,455
"3202",310,24,15,7,3940,307
"3203",310,25,16,8,4202,262
"3204",310,26,17,9,4332,130
"3205",310,27,18,10,4506,174
"3206",310,28,19,11,5020,514
"3207",310,29,20,12,5182,162
"3208",310,33,24,13,5598,416
"3209",310,35,26,14,6200,602
"3210",310,38,29,15,6393,193
"3211",311,11,1,1,437,437
"3212",311,12,2,2,533,96
"3213",311,15,5,3,752,219
"3214",311,16,6,4,1376,624
"3215",311,20,10,5,2341,965
"3216",311,22,12,6,3674,1333
"3217",311,24,14,7,4422,748
"3246",314,11,1,1,507,507
"3247",314,12,2,2,651,144
"3248",314,14,4,3,729,78
"3249",314,15,5,4,1197,468
"3250",314,16,6,5,1305,108
"3251",314,18,8,6,1399,94
"3252",314,19,9,7,1451,52
"3253",314,20,10,8,1604,153
"3254",314,21,11,9,2210,606
"3255",314,22,12,10,2327,117
"3256",314,23,13,11,2523,196
"3257",314,26,16,12,3250,727
"3258",314,28,18,13,3310,60
"3259",314,29,19,14,3420,110
"3260",314,30,20,15,3520,100
"3261",314,31,21,16,3662,142
"3262",314,32,22,17,3765,103
"3263",315,11,1,1,635,635
"3264",315,13,3,2,848,213
"3265",315,14,4,3,925,77
"3266",315,19,9,4,1626,701
"3267",315,21,11,5,2273,647
"3268",315,22,12,6,2355,82
"3269",315,23,13,7,2803,448
"3270",315,24,14,8,2915,112
"3271",315,25,15,9,3021,106
"3272",315,26,16,10,3191,170
"3273",316,11,1,1,500,500
"3274",316,13,3,2,649,149
"3293",319,12,1,1,569,569
"3294",319,14,3,2,758,189
"3295",319,15,4,3,875,117
"3296",319,18,7,4,1207,332
"3297",319,23,12,5,1644,437
"3298",319,24,13,6,1687,43
"3299",319,25,14,7,1781,94
"3300",319,26,15,8,1812,31
"3301",319,27,16,9,2039,227
"3302",319,29,18,10,2551,512
"3303",319,31,20,11,2920,369
"3304",320,9,1,1,377,377
"3305",320,10,2,2,473,96
"3306",320,11,3,3,810,337
"3307",320,12,4,4,861,51
"3308",320,20,12,5,1492,631
"3309",320,21,13,6,1650,158
"3316",322,13,1,1,628,628
"3317",322,14,2,2,778,150
"3318",322,15,3,3,847,69
"3319",322,16,4,4,984,137
"3320",322,19,7,5,1338,354
"3321",322,20,8,6,1556,218
"3322",322,21,9,7,1649,93
"3323",322,22,10,8,1790,141
"3324",322,23,11,9,2312,522
"3325",322,24,12,10,2703,391
"3326",322,26,14,11,2912,209
"3327",322,27,15,12,2959,47
"3328",322,28,16,13,3276,317
"3329",322,29,17,14,3435,159
"3330",322,31,19,15,3779,344
"3331",322,32,20,16,4312,533
"3332",322,33,21,17,4451,139
"3372",326,11,1,1,417,417
"3373",326,13,3,2,561,144
"3374",326,17,7,3,1836,1275
"3375",326,18,8,4,2031,195
"3376",326,19,9,5,2282,251
"3377",326,20,10,6,2885,603
"3378",326,21,11,7,3076,191
"3379",326,23,13,8,4254,1178
"3380",326,25,15,9,4712,458
"3381",326,28,18,10,5104,392
"3382",326,29,19,11,5630,526
"3383",326,30,20,12,5741,111
"3384",326,31,21,13,6342,601
"3385",326,32,22,14,6654,312
"3386",326,33,23,15,7144,490
"3397",328,11,1,1,265,265
"3398",328,14,4,2,596,331
"3399",328,15,5,3,717,121
"3400",328,18,8,4,2141,1424
"3401",328,19,9,5,2390,249
"3402",328,22,12,6,3329,939
"3403",328,23,13,7,3422,93
"3404",328,28,18,8,4742,1320
"3405",328,33,23,9,5470,728
"3406",328,34,24,10,5567,97
"3407",328,35,25,11,5727,160
"3408",328,41,31,12,6313,586
"3409",329,10,1,1,491,491
"3410",329,11,2,2,638,147
"3411",329,12,3,3,749,111
"3412",329,15,6,4,912,163
"3413",329,16,7,5,1109,197
"3414",329,17,8,6,1253,144
"3415",329,18,9,7,1391,138
"3416",329,19,10,8,1514,123
"3417",329,20,11,9,1920,406
"3418",329,21,12,10,2037,117
"3419",329,22,13,11,2191,154
"3420",329,23,14,12,2587,396
"3421",329,25,16,13,2871,284
"3422",329,28,19,14,3600,729
"3423",329,30,21,15,4734,1134
"3424",329,31,22,16,5847,1113
"3425",329,32,23,17,5934,87
"3426",329,33,24,18,6936,1002
"3427",329,34,25,19,6991,55
"3428",329,35,26,20,7196,205
"3437",331,11,1,1,530,530
"3438",331,12,2,2,749,219
"3439",331,13,3,3,770,21
"3440",332,11,1,1,385,385
"3441",332,14,4,2,603,218
"3442",332,19,9,3,913,310
"3462",334,11,1,1,442,442
"3463",334,12,2,2,502,60
"3464",334,13,3,3,698,196
"3465",334,14,4,4,1085,387
"3466",334,16,6,5,1285,200
"3467",334,17,7,6,1786,501
"3468",334,20,10,7,2197,411
"3469",334,21,11,8,2329,132
"3470",334,22,12,9,2461,132
"3471",334,23,13,10,3086,625
"3472",334,24,14,11,3334,248
"3473",334,26,16,12,3937,603
"3474",334,27,17,13,4109,172
"3475",335,10,1,1,647,647
"3476",335,11,2,2,721,74
"3477",335,16,7,3,1709,988
"3478",335,18,9,4,3109,1400
"3479",335,20,11,5,3717,608
"3480",335,21,12,6,4260,543
"3481",335,22,13,7,4615,355
"3482",335,23,14,8,4956,341
"3483",335,25,16,9,5564,608
"3484",335,26,17,10,6005,441
"3485",335,27,18,11,6031,26
"3486",335,28,19,12,6241,210
"3487",335,29,20,13,6413,172
"3488",335,30,21,14,6826,413
"3489",335,31,22,15,7063,237
"3490",335,32,23,16,7164,101
"3491",335,33,24,17,7456,292
"3492",335,34,25,18,7644,188
"3493",335,35,26,19,8456,812
"3494",335,36,27,20,8503,47
"3512",337,11,1,1,508,508
"3513",337,12,2,2,566,58
"3514",337,13,3,3,922,356
"3515",338,13,1,1,588,588
"3516",338,14,2,2,666,78
"3517",338,15,3,3,709,43
"3518",338,16,4,4,906,197
"3519",338,17,5,5,1358,452
"3520",338,18,6,6,1622,264
"3521",338,19,7,7,1741,119
"3522",338,20,8,8,1909,168
"3523",338,21,9,9,1976,67
"3524",338,22,10,10,2276,300
"3525",338,26,14,11,2997,721
"3526",338,28,16,12,3291,294
"3527",338,30,18,13,4093,802
"3528",338,31,19,14,4387,294
"3529",338,33,21,15,4860,473
"3530",338,34,22,16,5032,172
"3531",338,35,23,17,5429,397
"3532",338,36,24,18,5537,108
"3533",338,38,26,19,6100,563
"3534",338,42,30,20,6311,211
"3535",338,43,31,21,6433,122
"3536",338,44,32,22,6630,197
"3537",339,12,1,1,356,356
"3538",339,13,2,2,415,59
"3539",339,15,4,3,820,405
"3540",339,17,6,4,888,68
"3541",339,18,7,5,1004,116
"3542",339,20,9,6,1248,244
"3543",339,21,10,7,1557,309
"3544",339,25,14,8,2113,556
"3545",339,28,17,9,2530,417
"3546",340,12,1,1,387,387
"3547",340,13,2,2,471,84
"3548",340,15,4,3,646,175
"3549",340,16,5,4,837,191
"3587",344,11,1,1,520,520
"3588",344,13,3,2,869,349
"3589",344,14,4,3,934,65
"3590",344,15,5,4,1021,87
"3591",344,16,6,5,1204,183
"3592",344,18,8,6,1266,62
"3621",346,11,1,1,659,659
"3622",346,12,2,2,748,89
"3623",346,19,9,3,2132,1384
"3624",346,20,10,4,2557,425
"3625",346,24,14,5,3269,712
"3626",347,11,1,1,603,603
"3627",347,16,6,2,1075,472
"3628",347,18,8,3,1929,854
"3629",347,19,9,4,2081,152
"3630",347,20,10,5,2710,629
"3631",347,21,11,6,2872,162
"3672",351,11,1,1,329,329
"3673",351,14,4,2,520,191
"3674",351,17,7,3,1002,482
"3675",351,19,9,4,1481,479
"3676",351,20,10,5,1793,312
"3677",351,24,14,6,2795,1002
"3678",351,26,16,7,3223,428
"3679",351,29,19,8,3973,750
"3680",352,10,1,1,567,567
"3681",352,12,3,2,1003,436
"3682",352,14,5,3,1376,373
"3683",352,16,7,4,1556,180
"3684",352,17,8,5,1665,109
"3685",352,19,10,6,2075,410
"3699",354,11,1,1,529,529
"3700",354,12,2,2,596,67
"3701",354,13,3,3,748,152
"3702",354,14,4,4,816,68
"3703",354,15,5,5,888,72
"3704",354,16,6,6,1254,366
"3705",354,17,7,7,1612,358
"3706",354,18,8,8,1671,59
"3707",354,19,9,9,2257,586
"3708",354,22,12,10,3510,1253
"3709",354,23,13,11,3682,172
"3710",354,24,14,12,3804,122
"3711",354,25,15,13,3909,105
"3712",354,26,16,14,4032,123
"3713",354,27,17,15,4128,96
"3714",354,31,21,16,5314,1186
"3715",354,32,22,17,5945,631
"3716",354,33,23,18,6173,228
"3717",354,35,25,19,6801,628
"3718",354,37,27,20,6960,159
"3719",354,38,28,21,7307,347
"3720",354,39,29,22,7431,124
"3721",354,41,31,23,7520,89
"3722",354,42,32,24,7963,443
"3723",354,43,33,25,8256,293
"3724",355,12,1,1,496,496
"3725",355,17,6,2,1014,518
"3726",355,18,7,3,1115,101
"3727",355,19,8,4,1247,132
"3728",355,24,13,5,2514,1267
"3729",355,26,15,6,2974,460
"3730",355,27,16,7,3271,297
"3731",355,28,17,8,3346,75
"3732",355,30,19,9,3496,150
"3733",355,32,21,10,4074,578
"3734",355,33,22,11,4163,89
"3735",356,12,1,1,262,262
"3736",356,14,3,2,580,318
"3737",356,15,4,3,655,75
"3738",356,16,5,4,727,72
"3739",356,17,6,5,864,137
"3740",356,21,10,6,1081,217
"3741",356,23,12,7,1985,904
"3742",356,24,13,8,2185,200
"3743",356,25,14,9,2251,66
"3744",356,28,17,10,3663,1412
"3745",356,32,21,11,4017,354
"3746",356,33,22,12,4348,331
"3747",356,35,24,13,5207,859
"3748",356,37,26,14,5348,141
"3760",358,10,1,1,358,358
"3761",358,14,5,2,417,59
"3762",358,15,6,3,451,34
"3763",358,18,9,4,1474,1023
"3764",358,19,10,5,1737,263
"3765",358,20,11,6,1785,48
"3780",360,12,1,1,570,570
"3781",360,13,2,2,601,31
"3787",362,9,1,1,378,378
"3788",362,10,2,2,421,43
"3789",362,15,7,3,643,222
"3790",362,16,8,4,693,50
"3791",362,17,9,5,809,116
"3792",362,18,10,6,925,116
"3793",362,19,11,7,1026,101
"3794",362,20,12,8,1416,390
"3795",362,22,14,9,2024,608
"3796",362,23,15,10,2359,335
"3797",362,24,16,11,2859,500
"3798",362,25,17,12,2961,102
"3805",364,10,1,1,493,493
"3806",364,15,6,2,819,326
"3807",364,18,9,3,980,161
"3808",364,20,11,4,1235,255
"3809",364,21,12,5,1666,431
"3810",364,24,15,6,1790,124
"3816",366,11,1,1,366,366
"3817",366,12,2,2,409,43
"3818",366,17,7,3,1082,673
"3819",366,18,8,4,1180,98
"3820",366,22,12,5,2317,1137
"3821",366,30,20,6,3403,1086
"3822",366,31,21,7,3614,211
"3823",367,12,1,1,400,400
"3824",367,13,2,2,516,116
"3825",367,19,8,3,747,231
"3826",368,10,1,1,561,561
"3827",368,11,2,2,655,94
"3828",368,12,3,3,785,130
"3829",368,17,8,4,1869,1084
"3840",370,12,1,1,437,437
"3841",370,14,3,2,650,213
"3842",370,15,4,3,804,154
"3843",370,16,5,4,907,103
"3844",370,19,8,5,1496,589
"3845",370,21,10,6,1746,250
"3846",370,22,11,7,1881,135
"3847",370,23,12,8,2200,319
"3848",370,24,13,9,2556,356
"3849",370,25,14,10,2865,309
"3850",370,27,16,11,3389,524
"3851",370,28,17,12,4813,1424
"3852",370,29,18,13,5045,232
"3853",370,30,19,14,5145,100
"3861",372,12,1,1,501,501
"3862",372,14,3,2,814,313
"3863",372,16,5,3,1076,262
"3864",372,19,8,4,1823,747
"3865",372,24,13,5,2368,545
"3866",372,28,17,6,2984,616
"3883",374,11,1,1,508,508
"3884",374,20,10,2,778,270
"3885",374,25,15,3,2103,1325
"3886",374,30,20,4,3388,1285
"3887",374,31,21,5,3656,268
"3888",374,32,22,6,4052,396
"3889",374,33,23,7,4137,85
"3890",374,34,24,8,4379,242
"3905",376,12,1,1,444,444
"3906",376,13,2,2,535,91
"3907",376,15,4,3,928,393
"3908",376,16,5,4,1033,105
"3909",376,17,6,5,1176,143
"3910",376,18,7,6,1302,126
"3911",376,19,8,7,1339,37
"3912",376,21,10,8,1441,102
"3913",377,13,1,1,613,613
"3914",377,15,3,2,857,244
"3915",377,20,8,3,1443,586
"3916",377,23,11,4,1610,167
"3917",377,24,12,5,2068,458
"3918",377,28,16,6,2848,780
"3919",377,30,18,7,3829,981
"3920",377,33,21,8,3868,39
"3921",377,34,22,9,4385,517
"3922",378,11,1,1,430,430
"3923",378,12,2,2,464,34
"3924",378,13,3,3,492,28
"3925",378,15,5,4,558,66
"3926",378,16,6,5,686,128
"3927",378,19,9,6,1273,587
"3928",378,20,10,7,1484,211
"3929",378,21,11,8,1920,436
"3930",378,24,14,9,2275,355
"3931",378,26,16,10,3201,926
"3932",378,29,19,11,3291,90
"3954",380,13,1,1,593,593
"3955",380,14,2,2,808,215
"3956",380,22,10,3,1564,756
"3975",382,9,1,1,419,419
"3976",382,12,4,2,547,128
"3977",382,14,6,3,847,300
"3978",382,18,10,4,1730,883
"3979",382,23,15,5,2088,358
"3980",382,25,17,6,2202,114
"3981",382,30,22,7,2803,601
"3982",382,31,23,8,3315,512
"3983",383,11,1,1,467,467
"3984",383,12,2,2,1091,624
"3985",383,13,3,3,1199,108
"3986",383,15,5,4,1439,240
"3987",383,16,6,5,1794,355
"3988",383,17,7,6,1866,72
"3989",383,18,8,7,2069,203
"4006",385,11,1,1,409,409
"4007",385,12,2,2,610,201
"4008",385,13,3,3,1175,565
"4009",385,14,4,4,1590,415
"4010",385,16,6,5,2275,685
"4011",385,17,7,6,2360,85
"4040",389,12,1,1,586,586
"4041",389,13,2,2,772,186
"4042",389,15,4,3,1757,985
"4043",389,16,5,4,1995,238
"4044",389,17,6,5,2196,201
"4045",389,18,7,6,2452,256
"4046",389,19,8,7,2596,144
"4047",389,23,12,8,3550,954
"4048",390,11,1,1,506,506
"4049",390,12,2,2,655,149
"4050",390,13,3,3,775,120
"4051",390,14,4,4,1182,407
"4052",390,15,5,5,1343,161
"4053",390,20,10,6,1527,184
"4054",390,21,11,7,1815,288
"4055",390,22,12,8,2367,552
"4065",392,11,1,1,478,478
"4066",392,12,2,2,604,126
"4067",392,13,3,3,739,135
"4068",392,14,4,4,1188,449
"4069",392,16,6,5,1840,652
"4070",392,18,8,6,2319,479
"4071",392,20,10,7,2896,577
"4072",392,21,11,8,3031,135
"4073",392,22,12,9,4024,993
"4074",392,23,13,10,5314,1290
"4075",392,24,14,11,5487,173
"4076",392,25,15,12,5596,109
"4077",392,26,16,13,6040,444
"4078",392,27,17,14,6320,280
"4079",392,28,18,15,6403,83
"4080",392,30,20,16,6753,350
"4081",393,13,1,1,528,528
"4082",393,16,4,2,771,243
"4083",393,17,5,3,929,158
"4084",393,18,6,4,1052,123
"4085",393,20,8,5,1579,527
"4086",393,21,9,6,1718,139
"4087",393,23,11,7,2038,320
"4088",393,24,12,8,2663,625
"4089",393,25,13,9,2971,308
"4090",393,26,14,10,3173,202
"4091",393,27,15,11,3302,129
"4092",393,29,17,12,3680,378
"4093",393,32,20,13,4248,568
"4094",393,33,21,14,4298,50
"4095",393,35,23,15,4636,338
"4096",393,36,24,16,4778,142
"4097",393,38,26,17,5772,994
"4098",393,39,27,18,5857,85
"4099",393,41,29,19,6251,394
"4100",393,42,30,20,6395,144
"4101",393,43,31,21,7065,670
"4102",393,44,32,22,7157,92
"4103",393,45,33,23,7219,62
"4104",394,12,1,1,635,635
"4105",394,13,2,2,986,351
"4106",394,18,7,3,1452,466
"4107",394,19,8,4,1576,124
"4114",396,10,1,1,526,526
"4115",396,14,5,2,1043,517
"4116",396,15,6,3,1293,250
"4117",396,20,11,4,2676,1383
"4118",396,22,13,5,2933,257
"4119",396,23,14,6,3400,467
"4161",400,13,1,1,577,577
"4162",400,14,2,2,740,163
"4163",400,15,3,3,953,213
"4164",400,16,4,4,1069,116
"4165",400,17,5,5,1476,407
"4166",400,19,7,6,1674,198
"4167",400,20,8,7,1764,90
"4168",400,21,9,8,2375,611
"4187",402,11,1,1,409,409
"4188",402,15,5,2,681,272
"4189",402,18,8,3,813,132
"4190",402,19,9,4,925,112
"4191",402,20,10,5,1024,99
"4192",402,23,13,6,1124,100
"4193",402,24,14,7,1334,210
"4194",402,25,15,8,1404,70
"4195",402,29,19,9,2054,650
"4196",402,30,20,10,2690,636
"4197",402,31,21,11,3567,877
"4198",402,34,24,12,4657,1090
"4199",402,35,25,13,4722,65
"4200",402,36,26,14,6013,1291
"4201",402,37,27,15,6247,234
"4202",403,11,1,1,443,443
"4203",403,13,3,2,864,421
"4204",403,15,5,3,1280,416
"4205",403,17,7,4,1586,306
"4206",403,18,8,5,1943,357
"4207",403,19,9,6,2159,216
"4208",403,21,11,7,3121,962
"4209",403,22,12,8,3492,371
"4210",403,24,14,9,4410,918
"4211",403,25,15,10,4829,419
"4221",405,11,1,1,597,597
"4222",405,12,2,2,683,86
"4223",405,13,3,3,814,131
"4224",405,15,5,4,1433,619
"4225",405,16,6,5,1700,267
"4226",405,17,7,6,1782,82
"4227",405,19,9,7,2492,710
"4228",405,20,10,8,2677,185
"4229",405,21,11,9,2818,141
"4230",405,22,12,10,2921,103
"4231",405,24,14,11,3187,266
"4232",405,26,16,12,3819,632
"4233",406,11,1,1,617,617
"4234",406,12,2,2,647,30
"4235",406,13,3,3,719,72
"4236",406,15,5,4,946,227
"4260",409,11,1,1,380,380
"4261",409,12,2,2,423,43
"4262",409,17,7,3,817,394
"4263",409,19,9,4,1186,369
"4264",409,20,10,5,1273,87
"4265",409,21,11,6,1393,120
"4266",409,22,12,7,1502,109
"4267",409,25,15,8,2085,583
"4268",409,26,16,9,2211,126
"4293",411,12,1,1,511,511
"4294",411,15,4,2,1376,865
"4295",411,17,6,3,1843,467
"4296",411,19,8,4,2127,284
"4297",411,25,14,5,3023,896
"4316",414,10,1,1,543,543
"4317",414,19,10,2,1065,522
"4318",414,21,12,3,2161,1096
"4319",414,23,14,4,2667,506
"4338",417,11,1,1,475,475
"4339",417,12,2,2,512,37
"4340",417,13,3,3,652,140
"4341",417,17,7,4,1038,386
"4342",417,21,11,5,1311,273
"4343",417,23,13,6,1762,451
"4344",417,24,14,7,1956,194
"4345",418,11,1,1,390,390
"4346",418,12,2,2,476,86
"4347",418,17,7,3,599,123
"4348",418,19,9,4,1287,688
"4349",418,20,10,5,1384,97
"4350",418,22,12,6,1502,118
"4351",418,23,13,7,1817,315
"4352",418,24,14,8,2261,444
"4353",418,25,15,9,2558,297
"4354",418,26,16,10,2754,196
"4355",418,28,18,11,2961,207
"4356",418,29,19,12,3289,328
"4357",418,30,20,13,3506,217
"4358",418,31,21,14,3620,114
"4359",418,33,23,15,3753,133
"4360",418,35,25,16,3858,105
"4361",418,37,27,17,4542,684
"4362",418,38,28,18,5676,1134
"4373",420,11,1,1,473,473
"4374",420,12,2,2,528,55
"4375",420,14,4,3,643,115
"4376",420,18,8,4,785,142
"4377",420,19,9,5,1512,727
"4378",420,21,11,6,2339,827
"4379",420,24,14,7,2700,361
"4380",420,27,17,8,2945,245
"4390",422,12,1,1,400,400
"4391",422,14,3,2,720,320
"4392",422,15,4,3,756,36
"4393",422,16,5,4,866,110
"4394",422,18,7,5,967,101
"4395",422,19,8,6,1077,110
"4396",422,22,11,7,1413,336
"4397",422,23,12,8,1677,264
"4439",426,11,1,1,553,553
"4440",426,12,2,2,642,89
"4441",426,17,7,3,1176,534
"4442",426,19,9,4,1845,669
"4443",426,21,11,5,3341,1496
"4444",426,22,12,6,4144,803
"4445",426,23,13,7,4246,102
"4497",430,12,1,1,441,441
"4498",430,13,2,2,497,56
"4499",430,15,4,3,717,220
"4500",430,17,6,4,1137,420
"4501",430,21,10,5,1903,766
"4526",433,11,1,1,395,395
"4527",433,13,3,2,878,483
"4528",433,14,4,3,1928,1050
"4529",433,15,5,4,2017,89
"4530",433,16,6,5,2076,59
"4531",433,18,8,6,2349,273
"4532",433,19,9,7,2889,540
"4533",433,20,10,8,3067,178
"4534",433,21,11,9,3224,157
"4535",433,22,12,10,3573,349
"4536",434,10,1,1,649,649
"4537",434,13,4,2,1150,501
"4538",434,15,6,3,1245,95
"4539",434,16,7,4,1577,332
"4540",434,19,10,5,2248,671
"4541",434,23,14,6,2669,421
"4542",434,27,18,7,2924,255
"4552",436,13,1,1,547,547
"4553",436,17,5,2,1590,1043
"4554",436,21,9,3,1908,318
"4555",436,22,10,4,2016,108
"4556",436,23,11,5,2389,373
"4557",436,24,12,6,3185,796
"4558",436,26,14,7,3250,65
"4559",436,27,15,8,4038,788
"4560",436,28,16,9,4626,588
"4561",436,29,17,10,4874,248
"4562",436,30,18,11,5337,463
"4563",436,31,19,12,5734,397
"4564",436,34,22,13,7024,1290
"4565",436,35,23,14,7258,234
"4566",437,12,1,1,613,613
"4567",437,13,2,2,914,301
"4568",437,15,4,3,1201,287
"4569",437,19,8,4,1583,382
"4570",437,20,9,5,1663,80
"4571",437,22,11,6,2544,881
"4572",437,24,13,7,3052,508
"4573",437,25,14,8,3720,668
"4574",437,28,17,9,5135,1415
"4575",437,29,18,10,5437,302
"4576",437,30,19,11,5560,123
"4577",437,32,21,12,5752,192
"4578",437,33,22,13,5976,224
"4579",437,34,23,14,6506,530
"4580",438,11,1,1,270,270
"4581",438,12,2,2,356,86
"4582",438,13,3,3,479,123
"4583",438,14,4,4,614,135
"4584",438,16,6,5,691,77
"4585",438,18,8,6,882,191
"4586",438,19,9,7,1058,176
"4587",438,20,10,8,1107,49
"4588",438,21,11,9,1552,445
"4589",438,22,12,10,1671,119
"4590",438,23,13,11,1730,59
"4591",438,25,15,12,2054,324
"4592",438,27,17,13,2147,93
"4593",438,28,18,14,2222,75
"4594",438,29,19,15,2782,560
"4595",438,30,20,16,2857,75
"4596",439,10,1,1,450,450
"4597",439,13,4,2,913,463
"4598",439,15,6,3,1370,457
"4599",439,16,7,4,2002,632
"4600",439,17,8,5,2341,339
"4601",439,18,9,6,2975,634
"4602",439,19,10,7,3515,540
"4603",439,22,13,8,4439,924
"4604",439,23,14,9,4901,462
"4605",439,24,15,10,5083,182
"4606",439,25,16,11,5268,185
"4607",439,26,17,12,6084,816
"4608",439,27,18,13,6123,39
"4609",439,29,20,14,6499,376
"4610",439,30,21,15,6751,252
"4611",439,31,22,16,7612,861
"4612",439,33,24,17,8069,457
"4613",439,35,26,18,9405,1336
"4614",439,36,27,19,9592,187
"4615",439,37,28,20,9860,268
"4616",439,38,29,21,9896,36
"4617",440,12,1,1,623,623
"4618",440,13,2,2,853,230
"4619",440,14,3,3,1021,168
"4620",440,15,4,4,1275,254
"4621",440,16,5,5,1795,520
"4622",440,17,6,6,1888,93
"4623",440,18,7,7,2030,142
"4624",440,19,8,8,2360,330
"4625",440,21,10,9,3397,1037
"4626",440,24,13,10,4267,870
"4627",440,26,15,11,4567,300
"4628",440,28,17,12,4942,375
"4629",440,30,19,13,5215,273
"4630",440,38,27,14,5846,631
"4631",441,11,1,1,485,485
"4632",441,13,3,2,667,182
"4633",441,14,4,3,700,33
"4634",441,15,5,4,1052,352
"4635",441,16,6,5,1202,150
"4636",441,18,8,6,1408,206
"4637",441,20,10,7,2003,595
"4638",441,21,11,8,2293,290
"4639",442,11,1,1,554,554
"4640",442,12,2,2,633,79
"4641",442,13,3,3,791,158
"4642",442,14,4,4,1104,313
"4643",442,16,6,5,1463,359
"4644",442,17,7,6,1677,214
"4645",442,18,8,7,1814,137
"4646",442,19,9,8,2163,349
"4647",442,21,11,9,2648,485
"4648",442,22,12,10,2761,113
"4649",443,11,1,1,490,490
"4650",443,12,2,2,546,56
"4651",443,13,3,3,799,253
"4652",443,16,6,4,1305,506
"4653",443,17,7,5,1428,123
"4654",443,19,9,6,1839,411
"4655",443,20,10,7,2416,577
"4656",443,23,13,8,2792,376
"4657",443,24,14,9,2908,116
"4674",445,10,1,1,484,484
"4675",445,12,3,2,551,67
"4676",445,17,8,3,1061,510
"4677",445,21,12,4,2457,1396
"4678",445,22,13,5,2576,119
"4679",445,23,14,6,2651,75
"4680",445,25,16,7,2825,174
"4720",449,10,1,1,495,495
"4721",449,11,2,2,592,97
"4722",449,13,4,3,1406,814
"4723",449,14,5,4,1514,108
"4724",449,18,9,5,2657,1143
"4725",449,21,12,6,3009,352
"4726",450,11,1,1,407,407
"4727",450,14,4,2,505,98
"4728",450,15,5,3,565,60
"4729",450,16,6,4,620,55
"4730",450,18,8,5,706,86
"4731",450,19,9,6,814,108
"4732",450,22,12,7,1279,465
"4733",450,23,13,8,1747,468
"4734",450,24,14,9,1946,199
"4735",450,25,15,10,2271,325
"4736",450,28,18,11,2563,292
"4737",450,31,21,12,2908,345
"4738",450,32,22,13,2997,89
"4739",450,33,23,14,3017,20
"4740",450,34,24,15,3160,143
"4741",450,35,25,16,3211,51
"4742",450,36,26,17,3303,92
"4743",450,38,28,18,4176,873
"4744",450,39,29,19,4507,331
"4786",453,10,1,1,730,730
"4787",453,15,6,2,1701,971
"4788",453,16,7,3,1791,90
"4789",454,10,1,1,521,521
"4790",454,11,2,2,549,28
"4791",454,12,3,3,723,174
"4792",454,13,4,4,919,196
"4793",454,15,6,5,1018,99
"4794",454,16,7,6,1250,232
"4795",455,11,1,1,688,688
"4796",455,12,2,2,835,147
"4797",455,13,3,3,986,151
"4798",455,14,4,4,1252,266
"4799",455,15,5,5,1290,38
"4800",455,16,6,6,1938,648
"4801",455,17,7,7,2141,203
"4802",455,19,9,8,2650,509
"4803",455,20,10,9,2749,99
"4804",455,21,11,10,2916,167
"4805",455,23,13,11,3167,251
"4806",455,24,14,12,3525,358
"4807",455,26,16,13,4201,676
"4808",455,27,17,14,4546,345
"4809",455,28,18,15,4995,449
"4810",455,29,19,16,5143,148
"4811",455,31,21,17,6339,1196
"4812",455,32,22,18,6528,189
"4813",455,33,23,19,6760,232
"4814",455,34,24,20,6842,82
"4815",455,35,25,21,7196,354
"4816",455,37,27,22,7516,320
"4817",456,10,1,1,383,383
"4818",456,11,2,2,421,38
"4819",456,12,3,3,673,252
"4820",457,11,1,1,286,286
"4821",457,18,8,2,946,660
"4822",457,19,9,3,1092,146
"4823",457,21,11,4,1442,350
"4824",457,22,12,5,1853,411
"4825",457,24,14,6,2241,388
"4826",457,25,15,7,2386,145
"4827",457,27,17,8,3656,1270
"4850",461,11,1,1,540,540
"4851",461,12,2,2,563,23
"4852",461,13,3,3,619,56
"4853",461,15,5,4,799,180
"4854",461,16,6,5,960,161
"4855",461,18,8,6,1029,69
"4856",461,19,9,7,1088,59
"4857",461,20,10,8,1540,452
"4858",461,21,11,9,1800,260
"4859",461,23,13,10,2345,545
"4860",461,24,14,11,2533,188
"4861",461,25,15,12,2705,172
"4862",461,26,16,13,3512,807
"4863",461,27,17,14,3635,123
"4864",461,29,19,15,4813,1178
"4865",461,30,20,16,5070,257
"4866",461,31,21,17,5221,151
"4867",461,32,22,18,5396,175
"4868",461,34,24,19,5821,425
"4869",461,35,25,20,6019,198
"4870",461,36,26,21,6284,265
"4871",461,38,28,22,6809,525
"4896",464,10,1,1,538,538
"4897",464,12,3,2,799,261
"4898",464,14,5,3,1077,278
"4899",464,20,11,4,2154,1077
"4900",464,21,12,5,2172,18
"4920",466,12,1,1,410,410
"4921",466,13,2,2,464,54
"4922",466,17,6,3,806,342
"4923",466,18,7,4,830,24
"4924",466,19,8,5,1904,1074
"4925",466,20,9,6,2045,141
"4926",466,21,10,7,2342,297
"4927",467,10,1,1,422,422
"4928",467,11,2,2,515,93
"4929",467,12,3,3,566,51
"4930",467,13,4,4,775,209
"4931",467,17,8,5,1245,470
"4932",467,20,11,6,2281,1036
"4933",467,21,12,7,2600,319
"4934",467,22,13,8,2754,154
"4935",467,23,14,9,3127,373
"4936",467,24,15,10,4354,1227
"4937",467,25,16,11,4440,86
"4938",467,26,17,12,4552,112
"4939",467,27,18,13,4888,336
"4940",467,29,20,14,5229,341
"4941",467,31,22,15,5519,290
"4942",467,34,25,16,6095,576
"4943",467,36,27,17,6202,107
"4944",467,37,28,18,6630,428
"4945",467,38,29,19,6913,283
"4946",467,39,30,20,7047,134
"4947",467,40,31,21,7291,244
"4948",467,41,32,22,7398,107
"4960",469,12,1,1,613,613
"4961",469,14,3,2,876,263
"4962",469,15,4,3,1083,207
"4963",469,16,5,4,1202,119
"4964",469,17,6,5,1550,348
"4965",469,18,7,6,1939,389
"4966",469,19,8,7,2115,176
"4967",469,21,10,8,3181,1066
"4968",469,22,11,9,3535,354
"4969",469,23,12,10,3837,302
"4970",469,25,14,11,4139,302
"4971",469,26,15,12,4394,255
"4972",469,27,16,13,4503,109
"4973",469,28,17,14,4722,219
"4974",469,29,18,15,4909,187
"4975",469,30,19,16,5217,308
"4976",469,32,21,17,5921,704
"4977",469,33,22,18,6626,705
"4978",469,34,23,19,6839,213
"4979",469,35,24,20,6937,98
"4980",469,37,26,21,7076,139
"4994",471,13,1,1,373,373
"4995",471,15,3,2,817,444
"4996",471,16,4,3,1006,189
"4997",471,17,5,4,1221,215
"4998",471,19,7,5,1497,276
"4999",471,20,8,6,1617,120
"5000",471,22,10,7,2132,515
"5001",471,24,12,8,2240,108
"5027",474,11,1,1,533,533
"5028",474,12,2,2,682,149
"5029",474,16,6,3,1116,434
"5030",474,19,9,4,1354,238
"5031",474,20,10,5,1520,166
"5032",474,21,11,6,1559,39
"5033",474,23,13,7,1666,107
"5034",474,25,15,8,1879,213
"5035",474,26,16,9,1906,27
"5036",474,27,17,10,1954,48
"5037",474,28,18,11,2045,91
"5038",474,29,19,12,3050,1005
"5039",474,32,22,13,4124,1074
"5040",474,34,24,14,4538,414
"5041",474,35,25,15,4647,109
"5042",474,37,27,16,5325,678
"5043",474,38,28,17,5651,326
"5079",477,12,1,1,504,504
"5080",477,15,4,2,1117,613
"5081",477,16,5,3,1273,156
"5082",477,17,6,4,1339,66
"5083",477,20,9,5,2026,687
"5084",477,22,11,6,2883,857
"5085",477,23,12,7,2972,89
"5086",477,24,13,8,3065,93
"5087",477,26,15,9,3292,227
"5088",477,29,18,10,3828,536
"5089",477,32,21,11,4223,395
"5090",477,33,22,12,5395,1172
"5091",477,34,23,13,5633,238
"5092",478,11,1,1,482,482
"5093",478,14,4,2,800,318
"5094",478,15,5,3,1896,1096
"5095",478,16,6,4,2061,165
"5096",478,17,7,5,2159,98
"5097",478,19,9,6,2614,455
"5098",478,20,10,7,2885,271
"5099",478,21,11,8,3029,144
"5100",478,23,13,9,4165,1136
"5101",478,24,14,10,4355,190
"5102",478,25,15,11,4586,231
"5103",478,26,16,12,5506,920
"5104",478,27,17,13,6049,543
"5105",478,28,18,14,6202,153
"5106",478,29,19,15,6648,446
"5107",479,10,1,1,572,572
"5108",479,14,5,2,1635,1063
"5109",479,17,8,3,2256,621
"5110",479,20,11,4,2619,363
"5126",481,11,1,1,371,371
"5127",481,13,3,2,743,372
"5128",481,15,5,3,1538,795
"5129",481,19,9,4,1913,375
"5130",481,21,11,5,2253,340
"5131",481,22,12,6,2328,75
"5132",481,23,13,7,3400,1072
"5133",481,29,19,8,4478,1078
"5134",482,12,1,1,463,463
"5135",482,14,3,2,829,366
"5136",482,15,4,3,899,70
"5137",482,17,6,4,1463,564
"5138",482,18,7,5,1641,178
"5139",482,19,8,6,1722,81
"5140",482,20,9,7,1791,69
"5141",482,21,10,8,1901,110
"5142",482,22,11,9,2082,181
"5143",482,24,13,10,2497,415
"5144",482,25,14,11,2876,379
"5145",482,27,16,12,3085,209
"5146",482,28,17,13,3141,56
"5147",482,29,18,14,3239,98
"5148",482,30,19,15,3432,193
"5149",482,31,20,16,4276,844
"5150",482,33,22,17,5464,1188
"5151",482,34,23,18,5530,66
"5152",482,35,24,19,6009,479
"5161",484,10,1,1,571,571
"5162",484,11,2,2,640,69
"5163",484,12,3,3,740,100
"5164",484,17,8,4,1763,1023
"5165",484,19,10,5,2001,238
"5166",484,21,12,6,2224,223
"5167",484,22,13,7,2471,247
"5168",484,25,16,8,3396,925
"5169",484,28,19,9,3968,572
"5170",484,30,21,10,4634,666
"5171",484,31,22,11,4948,314
"5172",484,34,25,12,5433,485
"5188",486,13,1,1,350,350
"5189",486,15,3,2,558,208
"5190",486,18,6,3,678,120
"5191",486,19,7,4,930,252
"5192",486,20,8,5,1005,75
"5193",486,21,9,6,1024,19
"5201",488,11,1,1,391,391
"5202",488,12,2,2,647,256
"5203",488,13,3,3,969,322
"5204",488,15,5,4,1314,345
"5205",488,17,7,5,1399,85
"5206",488,19,9,6,1704,305
"5207",488,20,10,7,2026,322
"5208",488,21,11,8,2355,329
"5209",488,22,12,9,2635,280
"5210",488,23,13,10,3073,438
"5211",488,25,15,11,3515,442
"5212",488,26,16,12,3978,463
"5213",488,27,17,13,4078,100
"5214",488,28,18,14,4436,358
"5215",488,29,19,15,4813,377
"5216",488,30,20,16,5147,334
"5217",488,31,21,17,5882,735
"5237",490,12,1,1,523,523
"5238",490,14,3,2,662,139
"5239",490,15,4,3,794,132
"5240",490,18,7,4,999,205
"5241",490,20,9,5,1256,257
"5242",490,23,12,6,1592,336
"5243",490,24,13,7,1959,367
"5244",490,28,17,8,2190,231
"5245",490,29,18,9,2312,122
"5246",490,30,19,10,3006,694
"5309",496,12,1,1,332,332
"5310",496,13,2,2,360,28
"5311",496,26,15,3,1042,682
"5312",496,32,21,4,2007,965
"5313",496,33,22,5,2217,210
"5314",497,12,1,1,324,324
"5315",497,13,2,2,378,54
"5316",497,16,5,3,911,533
"5317",497,17,6,4,980,69
"5318",497,21,10,5,1666,686
"5319",498,12,1,1,499,499
"5320",498,13,2,2,595,96
"5321",498,14,3,3,872,277
"5322",498,15,4,4,926,54
"5323",498,18,7,5,1744,818
"5324",498,20,9,6,3048,1304
"5325",498,21,10,7,3347,299
"5326",498,22,11,8,3620,273
"5327",498,23,12,9,3779,159
"5328",498,24,13,10,3936,157
"5339",500,11,1,1,617,617
"5340",500,13,3,2,746,129
"5341",500,14,4,3,835,89
"5342",500,15,5,4,1063,228
"5343",500,16,6,5,1737,674
